丌,雞,ㄐㄧ,4E0C,False
不,猴,ㄈㄡ,4E0D,True
丗,鼠,ㄕˋ,4E17,False
且,雞,ㄐㄩ,4E14,True
世,鼠,ㄕˋ,4E16,False
丝,鼠,ㄙ,4E1D,False
丮,雞,ㄐㄧˇ,4E2E,False
丶,豬,ㄓㄨˇ,4E36,False
主,豬,ㄓㄨˇ,4E3B,False
举,雞,ㄐㄩˇ,4E3E,False
乀,虎,ㄈㄨˊ,4E40,False
之,豬,ㄓ,4E4B,False
乎,虎,ㄏㄨˊ,4E4E,True
乕,虎,ㄏㄨˇ,4E55,False
乥,虎,ㄏㄨˋ,4E65,False
书,鼠,ㄕㄨ,4E66,False
乨,鼠,ㄕˇ,4E68,False
乩,雞,ㄐㄧ,4E69,False
乬,雞,ㄐㄩˋ,4E6C,False
乭,鼠,ㄕˊ,4E6D,False
乯,虎,ㄏㄨ,4E6F,False
乶,虎,ㄈㄨˇ,4E76,False
亊,鼠,ㄕˋ,4E8A,False
事,鼠,ㄕˋ,4E8B,False
互,虎,ㄏㄨˋ,4E92,False
亖,鼠,ㄙˋ,4E96,False
亟,雞,ㄐㄧˊ,4E9F,True
亼,雞,ㄐㄧˊ,4EBC,False
什,蛇,ㄕㄣˊ,4EC0,True
仆,虎,ㄈㄨˋ,4EC6,True
仏,猴,ㄈㄛˊ,4ECF,False
仕,鼠,ㄕˋ,4ED5,False
付,虎,ㄈㄨˋ,4ED8,False
仰,羊,ㄧㄤˋ,4EF0,True
伋,雞,ㄐㄧˊ,4F0B,False
伎,雞,ㄐㄧˋ,4F0E,True
伏,虎,ㄈㄨˊ,4F0F,False
伔,蛇,ㄕㄣˇ,4F14,True
伕,虎,ㄈㄨ,4F15,False
伙,猴,ㄏㄨㄛˇ,4F19,True
伫,豬,ㄓㄨˋ,4F2B,False
伸,蛇,ㄕㄣ,4F38,False
伺,鼠,ㄙˋ,4F3A,True
似,鼠,ㄕˋ,4F3C,True
佀,鼠,ㄕˋ,4F40,True
佁,鼠,ㄙˋ,4F41,True
佇,豬,ㄓㄨˋ,4F47,False
住,豬,ㄓㄨˋ,4F4F,False
佒,羊,ㄧㄤ,4F52,False
何,猴,ㄏㄜˋ,4F55,True
佘,蛇,ㄕㄜˊ,4F58,False
佛,虎,ㄈㄨˊ,4F5B,True
佝,狗,ㄍㄡ,4F5D,True
佫,猴,ㄏㄜˋ,4F6B,False
佯,羊,ㄧㄤˊ,4F6F,False
佶,雞,ㄐㄧˊ,4F76,False
佸,猴,ㄏㄨㄛˊ,4F78,False
使,鼠,ㄕˋ,4F7F,True
侁,蛇,ㄕㄣ,4F81,False
侄,豬,ㄓˊ,4F84,False
侍,鼠,ㄕˋ,4F8D,False
侏,豬,ㄓㄨ,4F8F,False
侬,龍,ㄋㄨㄥˊ,4FAC,False
侯,猴,ㄏㄡˋ,4FAF,True
侷,雞,ㄐㄩˊ,4FB7,False
侸,鼠,ㄕㄨˋ,4FB8,False
侺,蛇,ㄕㄣˋ,4FBA,False
俆,鼠,ㄕㄨ,4FC6,True
俌,虎,ㄈㄨˇ,4FCC,False
俎,豬,ㄗㄨˇ,4FCE,False
俗,鼠,ㄙㄨˊ,4FD7,False
俘,虎,ㄈㄨˊ,4FD8,False
俛,虎,ㄈㄨˇ,4FDB,True
俞,鼠,ㄕㄨˋ,4FDE,True
俟,鼠,ㄙˋ,4FDF,True
信,蛇,ㄕㄣ,4FE1,True
俯,虎,ㄈㄨˇ,4FEF,False
俰,猴,ㄏㄜˋ,4FF0,False
俱,雞,ㄐㄩˋ,4FF1,False
倏,鼠,ㄕㄨ,500F,False
倐,鼠,ㄕㄨ,5010,False
候,猴,ㄏㄡˋ,5019,False
値,豬,ㄓˊ,5024,False
倨,雞,ㄐㄩˋ,5028,False
倶,雞,ㄐㄩ,5036,True
值,豬,ㄓˋ,503C,True
偈,雞,ㄐㄧˋ,5048,True
偊,雞,ㄐㄩˇ,504A,True
偩,虎,ㄈㄨˋ,5069,False
偫,豬,ㄓˋ,506B,False
偮,雞,ㄐㄧˊ,506E,False
偲,鼠,ㄙ,5072,False
傂,豬,ㄓˋ,5082,False
傃,鼠,ㄙㄨˋ,5083,False
傅,虎,ㄈㄨ,5085,True
傇,龍,ㄖㄨㄥˇ,5087,False
傋,狗,ㄍㄡˋ,508B,False
傌,馬,ㄇㄚˋ,508C,False
傛,龍,ㄖㄨㄥˊ,509B,True
傟,羊,ㄧㄤˇ,509F,False
僟,雞,ㄐㄧ,50DF,False
僳,鼠,ㄙㄨˋ,50F3,False
儂,龍,ㄋㄨㄥˊ,5102,False
儥,兔,ㄉㄨˊ,5125,False
儨,豬,ㄓˊ,5128,False
儩,鼠,ㄙˋ,5129,False
儱,龍,ㄌㄨㄥˇ,5131,False
儵,鼠,ㄕㄨ,5135,False
兎,兔,ㄊㄨˋ,514E,False
兔,兔,ㄊㄨˋ,5154,False
兕,鼠,ㄙˋ,5155,False
兘,鼠,ㄕˇ,5158,False
兟,蛇,ㄕㄣ,515F,False
兪,鼠,ㄕㄨˋ,516A,True
六,牛,ㄌㄧㄡˋ,516D,True
其,雞,ㄐㄧ,5176,True
具,雞,ㄐㄩˋ,5177,False
养,羊,ㄧㄤˋ,517B,True
兾,雞,ㄐㄧˋ,517E,False
冀,雞,ㄐㄧˋ,5180,False
冓,狗,ㄍㄡ,5193,True
冗,龍,ㄖㄨㄥˇ,5197,False
农,龍,ㄋㄨㄥˊ,519C,False
冟,鼠,ㄕˋ,519F,False
冣,雞,ㄐㄩˋ,51A3,False
冨,虎,ㄈㄨˋ,51A8,False
冱,虎,ㄏㄨˋ,51B1,False
冴,虎,ㄏㄨˋ,51B4,False
冹,虎,ㄈㄨˊ,51B9,False
凁,鼠,ㄕㄨˋ,51C1,False
凃,兔,ㄊㄨˊ,51C3,False
凅,猴,ㄏㄜˊ,51C5,True
凘,鼠,ㄙ,51D8,False
凟,兔,ㄉㄨˊ,51DF,False
几,雞,ㄐㄧˇ,51E0,True
凥,雞,ㄐㄩ,51E5,False
処,雞,ㄐㄩˋ,51E6,True
凫,虎,ㄈㄨˊ,51EB,False
凸,兔,ㄊㄨ,51F8,False
击,雞,ㄐㄧ,51FB,True
刉,雞,ㄐㄧ,5209,False
刏,雞,ㄐㄧ,520F,False
刘,牛,ㄌㄧㄡˊ,5218,False
刜,虎,ㄈㄨˊ,521C,False
刟,雞,ㄐㄩ,521F,False
制,豬,ㄓˋ,5236,False
剂,雞,ㄐㄧˋ,5242,False
剞,雞,ㄐㄧ,525E,False
剤,雞,ㄐㄧˋ,5264,False
剧,雞,ㄐㄩˋ,5267,False
剨,猴,ㄏㄨㄛˋ,5268,False
剬,豬,ㄓˋ,526C,True
副,虎,ㄈㄨˋ,526F,False
剻,猴,ㄈㄡˊ,527B,False
劇,雞,ㄐㄩˋ,5287,False
劉,牛,ㄌㄧㄡˊ,5289,False
劐,猴,ㄏㄨㄛ,5290,False
劑,雞,ㄐㄧˋ,5291,False
劕,豬,ㄓˊ,5295,False
劚,豬,ㄓㄨˊ,529A,False
劧,豬,ㄓˇ,52A7,False
助,豬,ㄓㄨˋ,52A9,False
劯,豬,ㄓㄨ,52AF,False
劷,羊,ㄧㄤˊ,52B7,False
劾,猴,ㄏㄜˊ,52BE,False
势,鼠,ㄕˋ,52BF,False
勢,鼠,ㄕˋ,52E2,False
勣,雞,ㄐㄧ,52E3,False
勨,羊,ㄧㄤˇ,52E8,False
勮,雞,ㄐㄩˋ,52EE,False
勾,狗,ㄍㄡˋ,52FE,True
匊,雞,ㄐㄩˊ,530A,False
匐,虎,ㄈㄨˊ,5310,False
匢,虎,ㄏㄨ,5322,False
匫,虎,ㄏㄨ,532B,False
匵,兔,ㄉㄨˊ,5335,False
十,鼠,ㄕˊ,5341,False
卆,豬,ㄗㄨˊ,5346,False
卋,鼠,ㄕˋ,534B,False
卒,豬,ㄗㄨˊ,5352,True
卙,雞,ㄐㄧˊ,5359,False
卬,羊,ㄧㄤˇ,536C,True
卮,豬,ㄓ,536E,False
即,雞,ㄐㄧˊ,5373,False
卶,鼠,ㄕˋ,5376,False
卽,雞,ㄐㄧˊ,537D,False
厍,蛇,ㄕㄜˋ,538D,False
厎,豬,ㄓˇ,538E,False
厒,猴,ㄏㄜˊ,5392,False
厔,豬,ㄓˋ,5394,False
厙,蛇,ㄕㄜˋ,5399,False
厚,猴,ㄏㄡˋ,539A,False
虒,鼠,ㄙ,8652,True
厮,鼠,ㄙ,53AE,False
厶,鼠,ㄙ,53B6,True
厾,兔,ㄉㄨ,53BE,False
参,蛇,ㄕㄣ,53C2,True
參,蛇,ㄕㄣ,53C3,True
叄,蛇,ㄕㄣ,53C4,True
及,雞,ㄐㄧˊ,53CA,False
叓,鼠,ㄕˋ,53D3,True
叔,鼠,ㄕㄨ,53D4,False
句,狗,ㄍㄡ,53E5,True
只,豬,ㄓ,53EA,True
史,鼠,ㄕˇ,53F2,False
叶,蛇,ㄕㄜˋ,53F6,True
司,鼠,ㄙ,53F8,False
叽,雞,ㄐㄧ,53FD,False
吃,雞,ㄐㄧ,5403,True
合,猴,ㄏㄜˊ,5408,True
吉,雞,ㄐㄧˊ,5409,False
后,猴,ㄏㄡˋ,540E,False
吐,兔,ㄊㄨˋ,5410,True
吓,猴,ㄏㄜˋ,5413,True
吗,馬,ㄇㄚˇ,5417,True
否,猴,ㄈㄡˇ,5426,True
吱,豬,ㄓ,5431,True
吲,蛇,ㄕㄣˇ,5432,True
吼,猴,ㄏㄡˇ,543C,False
吽,猴,ㄏㄡˇ,543D,True
呋,虎,ㄈㄨ,544B,False
呒,虎,ㄈㄨˇ,5452,False
呙,狗,ㄍㄨㄛ,5459,True
呞,鼠,ㄕ,545E,True
呩,鼠,ㄕˋ,5469,False
呴,猴,ㄏㄡ,5474,True
呵,猴,ㄏㄜ,5475,False
呻,蛇,ㄕㄣ,547B,False
呼,虎,ㄏㄨ,547C,True
咀,豬,ㄗㄨˇ,5480,True
咈,虎,ㄈㄨˊ,5488,False
咉,羊,ㄧㄤ,5489,False
咊,猴,ㄏㄜˋ,548A,True
和,猴,ㄏㄜˋ,548C,True
咐,虎,ㄈㄨˋ,5490,False
咙,龍,ㄌㄨㄥˊ,5499,False
咝,鼠,ㄙ,549D,False
咟,猴,ㄏㄨㄛˋ,549F,False
咥,豬,ㄓˋ,54A5,True
咫,豬,ㄓˇ,54AB,False
咭,雞,ㄐㄧ,54AD,False
咶,鼠,ㄕˋ,54B6,True
哂,蛇,ㄕㄣˇ,54C2,False
哜,雞,ㄐㄧˋ,54DC,False
哝,龍,ㄋㄨㄥˊ,54DD,False
哢,龍,ㄌㄨㄥˋ,54E2,False
哫,豬,ㄗㄨˊ,54EB,False
哬,猴,ㄏㄜˊ,54EC,False
哹,猴,ㄈㄡˊ,54F9,False
唋,兔,ㄊㄨˇ,550B,False
唛,馬,ㄇㄚˋ,551B,False
唧,雞,ㄐㄧ,5527,False
𠲿,鼠,ㄕㄨˋ,20CBF,False
唨,豬,ㄗㄨˇ,5528,True
唬,虎,ㄏㄨˇ,552C,False
唶,雞,ㄐㄧˊ,5536,True
唿,虎,ㄏㄨ,553F,False
啒,虎,ㄏㄨ,5552,False
啚,兔,ㄊㄨˊ,555A,True
啝,猴,ㄏㄜˊ,555D,False
啬,蛇,ㄙㄜˋ,556C,False
啹,雞,ㄐㄩˊ,5579,False
喉,猴,ㄏㄡˊ,5589,False
喖,虎,ㄏㄨˊ,5596,False
喛,猴,ㄏㄜˊ,559B,True
喝,猴,ㄏㄜˋ,559D,True
喞,雞,ㄐㄧ,559E,False
喥,兔,ㄉㄨˋ,55A5,False
喫,雞,ㄐㄧ,55AB,True
㗘,虎,ㄈㄨˋ,35D8,True
嗀,猴,ㄏㄨㄛˋ,55C0,False
嗃,猴,ㄏㄜˋ,55C3,True
嗇,蛇,ㄙㄜˋ,55C7,False
嗉,鼠,ㄙㄨˋ,55C9,False
嗎,馬,ㄇㄚˇ,55CE,True
嗑,猴,ㄏㄜˊ,55D1,True
嗘,雞,ㄐㄧ,55D8,False
嗜,鼠,ㄕˋ,55DC,False
嗣,鼠,ㄙˋ,55E3,False
嗬,猴,ㄏㄜ,55EC,False
嗭,豬,ㄓˊ,55ED,False
嘑,虎,ㄏㄨˋ,5611,True
嘓,狗,ㄍㄨㄛ,5613,False
嘜,馬,ㄇㄚˋ,561C,False
嘝,虎,ㄏㄨˊ,561D,False
㗱,雞,ㄐㄧˊ,35F1,False
嘟,兔,ㄉㄨ,561F,False
嘰,雞,ㄐㄧ,5630,False
嘱,豬,ㄓㄨˇ,5631,False
嘶,鼠,ㄙ,5636,True
嘸,虎,ㄈㄨˇ,5638,False
噝,鼠,ㄙ,565D,False
噥,龍,ㄋㄨㄥˊ,5665,False
噬,鼠,ㄕˋ,566C,False
嚄,猴,ㄏㄨㄛ,5684,True
嚇,猴,ㄏㄜˋ,5687,True
嚌,雞,ㄐㄧˋ,568C,False
嚛,虎,ㄏㄨˋ,569B,False
嚠,牛,ㄌㄧㄡ,56A0,True
嚨,龍,ㄌㄨㄥˊ,56A8,False
嚩,虎,ㄈㄨˊ,56A9,True
嚯,猴,ㄏㄨㄛˋ,56AF,False
嚿,猴,ㄏㄨㄛˋ,56BF,False
囌,鼠,ㄙㄨ,56CC,False
囑,豬,ㄓㄨˇ,56D1,False
四,鼠,ㄙˋ,56DB,False
囫,虎,ㄏㄨˊ,56EB,False
囯,狗,ㄍㄨㄛˊ,56EF,False
図,兔,ㄊㄨˊ,56F3,False
囶,狗,ㄍㄨㄛˊ,56F6,False
囻,狗,ㄍㄨㄛˊ,56FB,False
国,狗,ㄍㄨㄛˊ,56FD,False
图,兔,ㄊㄨˊ,56FE,False
圀,狗,ㄍㄨㄛˊ,5700,False
國,狗,ㄍㄨㄛˊ,570B,False
圑,虎,ㄈㄨˋ,5711,False
圕,兔,ㄊㄨˊ,5715,False
圖,兔,ㄊㄨˊ,5716,False
圗,兔,ㄊㄨˊ,5717,False
土,兔,ㄊㄨˇ,571F,False
圡,兔,ㄊㄨˇ,5721,False
圾,雞,ㄐㄧ,573E,True
址,豬,ㄓˇ,5740,False
坁,豬,ㄓˇ,5741,False
坖,雞,ㄐㄧˋ,5756,False
坧,豬,ㄓ,5767,False
坱,羊,ㄧㄤˇ,5771,False
坲,猴,ㄈㄛˊ,5772,False
坴,牛,ㄌㄧㄡˋ,5774,False
坸,狗,ㄍㄡˋ,5778,False
坾,豬,ㄓㄨˋ,577E,False
坿,虎,ㄈㄨˋ,577F,False
垀,虎,ㄏㄨ,5780,False
垁,豬,ㄓˋ,5781,False
垄,龍,ㄌㄨㄥˇ,5784,False
垅,龍,ㄌㄨㄥˇ,5785,False
垍,雞,ㄐㄧˋ,578D,False
垕,猴,ㄏㄡˋ,5795,False
垘,虎,ㄈㄨˊ,5798,False
垟,羊,ㄧㄤˊ,579F,False
垢,狗,ㄍㄡˋ,57A2,False
垺,虎,ㄈㄨˊ,57BA,True
埘,鼠,ㄕˊ,57D8,False
埚,狗,ㄍㄨㄛ,57DA,False
埧,雞,ㄐㄩˋ,57E7,False
埱,鼠,ㄕㄨˊ,57F1,False
埴,豬,ㄓˊ,57F4,False
埶,鼠,ㄕˋ,57F6,True
執,豬,ㄓˊ,57F7,False
基,雞,ㄐㄧ,57FA,False
埾,雞,ㄐㄩˋ,57FE,False
堍,兔,ㄊㄨˋ,580D,False
堗,兔,ㄊㄨ,5817,False
堝,狗,ㄍㄨㄛ,581D,False
堠,猴,ㄏㄡˋ,5820,False
堲,雞,ㄐㄧˊ,5832,False
堵,兔,ㄉㄨˇ,5835,False
塈,雞,ㄐㄧˋ,5848,True
塉,雞,ㄐㄧˊ,5849,False
塐,鼠,ㄙㄨˋ,5850,False
塑,鼠,ㄙㄨˋ,5851,False
塒,鼠,ㄕˊ,5852,False
塗,兔,ㄊㄨˊ,5857,False
塞,蛇,ㄙㄜˋ,585E,True
塯,牛,ㄌㄧㄡˋ,586F,False
塾,鼠,ㄕㄨˊ,587E,False
墅,鼠,ㄕㄨˋ,5885,False
墌,豬,ㄓ,588C,False
墍,雞,ㄐㄧˋ,588D,True
墎,狗,ㄍㄨㄛˋ,588E,True
墼,雞,ㄐㄧ,58BC,False
壉,雞,ㄐㄩˋ,58C9,False
壑,猴,ㄏㄨㄛˋ,58D1,True
壟,龍,ㄌㄨㄥˇ,58DF,False
壠,龍,ㄌㄨㄥˇ,58E0,False
士,鼠,ㄕˋ,58EB,False
壴,豬,ㄓㄨˇ,58F4,False
壶,虎,ㄏㄨˊ,58F6,False
壷,虎,ㄏㄨˊ,58F7,False
壺,虎,ㄏㄨˊ,58FA,False
夂,豬,ㄓˇ,5902,False
复,虎,ㄈㄨˋ,590D,False
夙,鼠,ㄙㄨˋ,5919,False
够,狗,ㄍㄡˋ,591F,False
夠,狗,ㄍㄡˋ,5920,False
夥,猴,ㄏㄨㄛˇ,5925,False
夫,虎,ㄈㄨˊ,592B,True
央,羊,ㄧㄤ,592E,False
失,鼠,ㄕ,5931,False
奇,雞,ㄐㄧ,5947,True
奓,蛇,ㄕㄜ,5953,True
奢,蛇,ㄕㄜ,5962,False
奭,鼠,ㄕˋ,596D,False
奯,猴,ㄏㄨㄛˋ,596F,False
妀,雞,ㄐㄧˇ,5980,False
妇,虎,ㄈㄨˋ,5987,False
妈,馬,ㄇㄚ,5988,False
妋,虎,ㄈㄨ,598B,False
妒,兔,ㄉㄨˋ,5992,False
妓,雞,ㄐㄧˋ,5993,False
妞,牛,ㄋㄧㄡ,599E,False
妬,兔,ㄉㄨˋ,59AC,False
妯,豬,ㄓㄨˊ,59AF,True
妷,豬,ㄓˊ,59B7,False
妽,蛇,ㄕㄣ,59BD,False
姀,猴,ㄏㄜˊ,59C0,False
姇,虎,ㄈㄨ,59C7,False
始,鼠,ㄕˇ,59CB,False
姎,羊,ㄧㄤ,59CE,False
姒,鼠,ㄙˋ,59D2,False
姖,雞,ㄐㄩˋ,59D6,False
姝,鼠,ㄕㄨ,59DD,False
姞,雞,ㄐㄧˊ,59DE,False
姤,狗,ㄍㄡˋ,59E4,False
姪,豬,ㄓˊ,59EA,False
姫,雞,ㄐㄧ,59EB,False
姺,蛇,ㄕㄣ,59FA,True
姬,雞,ㄐㄧ,59EC,False
娐,虎,ㄈㄨ,5A10,False
娠,蛇,ㄕㄣ,5A20,False
娡,豬,ㄓˋ,5A21,False
娰,鼠,ㄙˋ,5A30,False
娵,雞,ㄐㄩ,5A35,False
婅,雞,ㄐㄩˊ,5A45,False
婌,鼠,ㄕㄨˇ,5A4C,False
婏,虎,ㄈㄨˋ,5A4F,False
婟,虎,ㄏㄨˋ,5A5F,False
婦,虎,ㄈㄨˋ,5A66,False
婮,雞,ㄐㄩ,5A6E,False
婶,蛇,ㄕㄣˇ,5A76,False
媍,虎,ㄈㄨˋ,5A8D,False
媤,鼠,ㄙ,5AA4,False
媩,虎,ㄏㄨˊ,5AA9,False
媶,龍,ㄖㄨㄥˊ,5AB6,False
媹,牛,ㄌㄧㄡˊ,5AB9,False
媽,馬,ㄇㄚ,5ABD,False
媾,狗,ㄍㄡˋ,5ABE,False
嫉,雞,ㄐㄧˊ,5AC9,False
嫊,鼠,ㄙㄨˋ,5ACA,False
嫭,虎,ㄏㄨˋ,5AED,False
嫮,虎,ㄏㄨˋ,5AEE,False
嬂,豬,ㄓ,5B02,False
嬔,虎,ㄈㄨˋ,5B14,False
嬕,鼠,ㄕˋ,5B15,False
嬤,馬,ㄇㄚ,5B24,False
嬫,龍,ㄖㄨㄥˊ,5B2B,False
嬷,馬,ㄇㄚ,5B37,False
嬸,蛇,ㄕㄣˇ,5B38,False
嬻,兔,ㄉㄨˊ,5B3B,False
嬼,牛,ㄌㄧㄡˇ,5B3C,False
孎,豬,ㄓㄨˇ,5B4E,False
孖,馬,ㄇㄚ,5B56,True
孚,虎,ㄈㄨ,5B5A,True
孠,鼠,ㄙˋ,5B60,False
季,雞,ㄐㄧˋ,5B63,False
孰,鼠,ㄕㄨˊ,5B70,False
孵,虎,ㄈㄨ,5B75,False
宁,豬,ㄓㄨˋ,5B81,True
宂,龍,ㄖㄨㄥˇ,5B82,False
宊,兔,ㄊㄨˊ,5B8A,False
宓,虎,ㄈㄨˊ,5B93,True
宔,豬,ㄓㄨˇ,5B94,False
实,鼠,ㄕˊ,5B9E,False
実,鼠,ㄕˊ,5B9F,False
审,蛇,ㄕㄣˇ,5BA1,False
室,鼠,ㄕˋ,5BA4,False
宩,鼠,ㄕˇ,5BA9,False
害,猴,ㄏㄜˊ,5BB3,True
宷,蛇,ㄕㄣˇ,5BB7,False
容,龍,ㄖㄨㄥˊ,5BB9,False
宿,鼠,ㄙㄨˋ,5BBF,True
寂,雞,ㄐㄧˋ,5BC2,False
寄,雞,ㄐㄧˋ,5BC4,False
富,虎,ㄈㄨˋ,5BCC,False
寔,鼠,ㄕˊ,5BD4,False
寘,豬,ㄓˋ,5BD8,False
寠,雞,ㄐㄩˋ,5BE0,True
寣,虎,ㄏㄨ,5BE3,False
實,鼠,ㄕˊ,5BE6,False
寧,豬,ㄓㄨˋ,5BE7,True
審,蛇,ㄕㄣˇ,5BE9,False
寺,鼠,ㄙˋ,5BFA,False
尃,虎,ㄈㄨ,5C03,False
射,蛇,ㄕㄜˋ,5C04,True
尌,鼠,ㄕㄨˋ,5C0C,False
尐,雞,ㄐㄧ,5C10,False
尗,鼠,ㄕㄨˊ,5C17,False
尸,鼠,ㄕ,5C38,False
𡰪,兔,ㄉㄨ,21C2A,False
𡰯,鼠,ㄕˇ,21C2F,False
局,雞,ㄐㄩˊ,5C40,False
居,雞,ㄐㄧ,5C45,True
屍,鼠,ㄕ,5C4D,False
屎,鼠,ㄕˇ,5C4E,True
屐,雞,ㄐㄧ,5C50,False
属,豬,ㄓㄨˇ,5C5E,True
屠,兔,ㄊㄨˊ,5C60,False
屦,雞,ㄐㄩˋ,5C66,False
屨,雞,ㄐㄩˋ,5C68,False
屬,豬,ㄓㄨˇ,5C6C,True
屸,龍,ㄌㄨㄥˊ,5C78,False
屾,蛇,ㄕㄣ,5C7E,False
岌,雞,ㄐㄧˊ,5C8C,False
岟,羊,ㄧㄤˇ,5C9F,False
岠,雞,ㄐㄩˋ,5CA0,False
岣,狗,ㄍㄡˇ,5CA3,False
岨,雞,ㄐㄩˇ,5CA8,True
岪,虎,ㄈㄨˊ,5CAA,False
岵,虎,ㄏㄨˋ,5CB5,False
峆,猴,ㄏㄜ,5CC6,False
峊,虎,ㄈㄨˋ,5CCA,True
峕,鼠,ㄕˊ,5CD5,False
峘,虎,ㄏㄨ,5CD8,True
峙,鼠,ㄕˋ,5CD9,True
峜,雞,ㄐㄧ,5CDC,False
峷,蛇,ㄕㄣ,5CF7,False
峹,兔,ㄊㄨˊ,5CF9,False
崌,雞,ㄐㄩ,5D0C,False
崒,豬,ㄗㄨˊ,5D12,True
崞,狗,ㄍㄨㄛ,5D1E,False
崪,豬,ㄗㄨˊ,5D2A,True
崵,羊,ㄧㄤˊ,5D35,False
崻,豬,ㄓˋ,5D3B,False
崼,鼠,ㄕˋ,5D3C,False
嵀,豬,ㄓㄨˋ,5D40,False
嵆,雞,ㄐㄧ,5D46,False
嵇,雞,ㄐㄧ,5D47,True
嵑,猴,ㄏㄜˊ,5D51,True
嵘,龍,ㄖㄨㄥˊ,5D58,False
嵞,兔,ㄊㄨˊ,5D5E,False
嵠,雞,ㄐㄧ,5D60,True
嵧,牛,ㄌㄧㄡˊ,5D67,False
嵴,雞,ㄐㄧˊ,5D74,False
嶀,兔,ㄊㄨ,5D80,False
嶐,龍,ㄌㄨㄥˊ,5D90,False
嶯,雞,ㄐㄧˊ,5DAF,False
嶸,龍,ㄖㄨㄥˊ,5DB8,False
巃,龍,ㄌㄨㄥˊ,5DC3,False
巄,龍,ㄌㄨㄥˊ,5DC4,False
巈,雞,ㄐㄩˊ,5DC8,False
巨,雞,ㄐㄩˋ,5DE8,False
巪,雞,ㄐㄩˋ,5DEA,False
己,雞,ㄐㄧˇ,5DF1,False
巳,鼠,ㄙˋ,5DF3,False
巵,豬,ㄓ,5DF5,False
巿,虎,ㄈㄨˊ,5DFF,False
市,鼠,ㄕˋ,5E02,False
师,鼠,ㄕ,5E08,False
帋,豬,ㄓˇ,5E0B,False
帍,虎,ㄏㄨˋ,5E0D,False
帓,馬,ㄇㄚˋ,5E13,False
帗,虎,ㄈㄨˊ,5E17,False
帙,豬,ㄓˋ,5E19,False
帜,豬,ㄓˋ,5E1C,False
師,鼠,ㄕ,5E2B,False
帼,狗,ㄍㄨㄛˊ,5E3C,False
帾,兔,ㄉㄨˇ,5E3E,False
帿,猴,ㄏㄡˊ,5E3F,False
幅,虎,ㄈㄨˊ,5E45,False
幗,狗,ㄍㄨㄛˊ,5E57,False
幞,虎,ㄈㄨˊ,5E5E,False
幟,豬,ㄓˋ,5E5F,False
幠,虎,ㄏㄨ,5E60,False
幾,雞,ㄐㄧ,5E7E,True
㡭,雞,ㄐㄧˋ,386D,True
府,虎,ㄈㄨˇ,5E9C,False
庢,豬,ㄓˋ,5EA2,False
庤,豬,ㄓˋ,5EA4,False
度,兔,ㄉㄨˋ,5EA6,True
庩,兔,ㄊㄨˊ,5EA9,False
庪,雞,ㄐㄧˇ,5EAA,True
庴,雞,ㄐㄧˊ,5EB4,False
庶,鼠,ㄕㄨˋ,5EB6,False
庻,豬,ㄓㄨˋ,5EBB,True
廅,猴,ㄏㄜˊ,5EC5,False
廇,牛,ㄌㄧㄡˋ,5EC7,False
廌,豬,ㄓˋ,5ECC,False
廜,兔,ㄊㄨ,5EDC,False
廝,鼠,ㄙ,5EDD,False
弄,龍,ㄌㄨㄥˋ,5F04,True
弆,雞,ㄐㄩˇ,5F06,False
式,鼠,ㄕˋ,5F0F,False
弑,鼠,ㄕˋ,5F11,False
弒,鼠,ㄕˋ,5F12,False
弖,虎,ㄏㄨˋ,5F16,False
弗,虎,ㄈㄨˊ,5F17,False
弛,鼠,ㄕˇ,5F1B,True
弞,蛇,ㄕㄣˇ,5F1E,False
弣,虎,ㄈㄨˇ,5F23,False
弧,虎,ㄏㄨˊ,5F27,False
弽,蛇,ㄕㄜˋ,5F3D,False
彀,狗,ㄍㄡˋ,5F40,False
彐,雞,ㄐㄧˋ,5F50,False
彑,雞,ㄐㄧˋ,5F51,False
彘,豬,ㄓˋ,5F58,False
彟,猴,ㄏㄨㄛˋ,5F5F,False
彠,猴,ㄏㄨㄛˋ,5F60,False
彶,雞,ㄐㄧˊ,5F76,False
彿,虎,ㄈㄨˊ,5F7F,False
徉,羊,ㄧㄤˊ,5F89,False
後,猴,ㄏㄡˋ,5F8C,False
徏,豬,ㄓˋ,5F8F,False
徒,兔,ㄊㄨˊ,5F92,False
徝,豬,ㄓˋ,5F9D,False
復,猴,ㄈㄡˋ,5FA9,True
徵,豬,ㄓˇ,5FB5,True
徿,龍,ㄌㄨㄥˋ,5FBF,False
忌,雞,ㄐㄧˋ,5FCC,False
忕,鼠,ㄕˋ,5FD5,True
志,豬,ㄓˋ,5FD7,False
忣,雞,ㄐㄧˊ,5FE3,False
忮,豬,ㄓˋ,5FEE,False
忸,牛,ㄋㄧㄡˇ,5FF8,True
忽,虎,ㄏㄨ,5FFD,False
怇,雞,ㄐㄩˋ,6007,False
怏,羊,ㄧㄤˋ,600F,False
怙,虎,ㄏㄨˋ,6019,False
怚,雞,ㄐㄩˋ,601A,False
思,鼠,ㄙˋ,601D,True
怢,兔,ㄊㄨ,6022,True
怤,虎,ㄈㄨ,6024,False
急,雞,ㄐㄧˊ,6025,False
怫,虎,ㄈㄨˊ,602B,False
怾,豬,ㄓˇ,603E,False
恀,鼠,ㄕˋ,6040,True
恃,鼠,ㄕˋ,6043,False
恉,豬,ㄓˇ,6049,False
恕,鼠,ㄕㄨˋ,6055,False
恙,羊,ㄧㄤˋ,6059,False
悇,兔,ㄊㄨˊ,6087,True
悸,雞,ㄐㄧˋ,60B8,False
惈,狗,ㄍㄨㄛˇ,60C8,False
惎,雞,ㄐㄧˋ,60CE,False
惑,猴,ㄏㄨㄛˋ,60D1,False
惒,猴,ㄏㄜˊ,60D2,False
惚,虎,ㄏㄨ,60DA,True
惧,雞,ㄐㄩˋ,60E7,False
愫,鼠,ㄙㄨˋ,612B,False
愬,鼠,ㄙㄨˋ,612C,True
愱,雞,ㄐㄧˊ,6131,False
愳,雞,ㄐㄩˋ,6133,False
愼,蛇,ㄕㄣˋ,613C,False
慃,羊,ㄧㄤˇ,6143,False
慎,蛇,ㄕㄣˋ,614E,False
慑,蛇,ㄕㄜˋ,6151,True
慖,狗,ㄍㄨㄛˊ,6156,False
慴,蛇,ㄕㄜˋ,6174,True
慹,豬,ㄓˊ,6179,True
憄,豬,ㄓˋ,6184,False
憟,鼠,ㄙㄨˋ,619F,False
憿,雞,ㄐㄧ,61BF,True
懅,雞,ㄐㄩˋ,61C5,True
懎,蛇,ㄙㄜˋ,61CE,False
懥,豬,ㄓˋ,61E5,False
懩,羊,ㄧㄤˇ,61E9,False
懫,豬,ㄓˋ,61EB,True
懯,虎,ㄈㄨ,61EF,False
懰,牛,ㄌㄧㄡˊ,61F0,False
懻,雞,ㄐㄧˋ,61FB,False
懼,雞,ㄐㄩˋ,61FC,False
懾,蛇,ㄕㄜˋ,61FE,True
戍,鼠,ㄕㄨˋ,620D,False
戎,龍,ㄖㄨㄥˊ,620E,False
戏,虎,ㄏㄨ,620F,True
或,猴,ㄏㄨㄛˋ,6216,True
戟,雞,ㄐㄧˇ,621F,False
戠,鼠,ㄕˋ,6220,False
戢,雞,ㄐㄧˊ,6222,False
戯,虎,ㄏㄨ,622F,True
戱,虎,ㄏㄨ,6231,True
戶,虎,ㄏㄨˋ,6236,False
户,虎,ㄏㄨˋ,6237,False
戸,虎,ㄏㄨˋ,6238,False
戺,鼠,ㄕˋ,623A,False
戽,虎,ㄏㄨˋ,623D,False
扈,虎,ㄏㄨˋ,6248,False
払,虎,ㄈㄨˊ,6255,False
执,豬,ㄓˊ,6267,False
扬,羊,ㄧㄤˊ,626C,False
扟,蛇,ㄕㄣ,625F,False
扭,牛,ㄋㄧㄡˇ,626D,False
扶,虎,ㄈㄨˊ,6276,True
扺,豬,ㄓˇ,627A,False
扻,豬,ㄓˋ,627B,True
技,雞,ㄐㄧˋ,6280,False
抅,雞,ㄐㄩ,6285,False
抇,虎,ㄏㄨˊ,6287,True
抌,蛇,ㄕㄣˋ,628C,True
抒,鼠,ㄕㄨ,6292,False
折,蛇,ㄕㄜˊ,6298,True
抙,虎,ㄈㄨ,6299,True
抚,虎,ㄏㄨ,629A,True
抝,牛,ㄋㄧㄡˋ,629D,True
护,虎,ㄏㄨˋ,62A4,False
抧,豬,ㄓˇ,62A7,False
抰,羊,ㄧㄤˇ,62B0,False
抲,猴,ㄏㄜ,62B2,False
抹,馬,ㄇㄚ,62B9,True
抻,蛇,ㄕㄣ,62BB,True
拂,虎,ㄈㄨˊ,62C2,True
拄,豬,ㄓㄨˇ,62C4,False
拊,虎,ㄈㄨˇ,62CA,False
拒,雞,ㄐㄩˇ,62D2,True
拓,豬,ㄓˊ,62D3,True
拗,牛,ㄋㄧㄡˋ,62D7,True
拘,狗,ㄍㄡ,62D8,True
拠,雞,ㄐㄩˋ,62E0,False
拢,龍,ㄌㄨㄥˇ,62E2,False
㧣,豬,ㄓㄨˋ,39E3,False
拭,鼠,ㄕˋ,62ED,False
拾,蛇,ㄕㄜˋ,62FE,True
挃,豬,ㄓˋ,6303,False
指,豬,ㄓˇ,6307,False
挊,龍,ㄋㄨㄥˋ,630A,False
挙,雞,ㄐㄩˇ,6319,False
挚,豬,ㄓˋ,631A,False
挤,雞,ㄐㄧˇ,6324,False
挵,龍,ㄋㄨㄥˋ,6335,True
挶,雞,ㄐㄩˊ,6336,False
捄,雞,ㄐㄩ,6344,True
捇,猴,ㄏㄨㄛˋ,6347,False
捈,兔,ㄊㄨˊ,6348,False
㧻,豬,ㄗㄨˊ,39FB,True
㧾,虎,ㄏㄨ,39FE,False
捨,蛇,ㄕㄜˇ,6368,False
捬,虎,ㄈㄨˇ,636C,False
据,雞,ㄐㄩ,636E,True
捸,兔,ㄊㄨ,6378,False
捽,豬,ㄗㄨˊ,637D,True
掊,虎,ㄈㄨˋ,638A,True
掎,雞,ㄐㄧˇ,638E,False
掓,鼠,ㄕㄨˊ,6393,False
掝,猴,ㄏㄨㄛˋ,639D,True
掬,雞,ㄐㄩ,63AC,True
掴,狗,ㄍㄨㄛˊ,63B4,False
掷,豬,ㄓˋ,63B7,True
提,鼠,ㄕˊ,63D0,True
揓,鼠,ㄕˋ,63D3,False
揖,雞,ㄐㄧˊ,63D6,True
揚,羊,ㄧㄤˊ,63DA,False
揤,雞,ㄐㄧˊ,63E4,False
揬,兔,ㄊㄨˊ,63EC,False
揲,蛇,ㄕㄜˊ,63F2,True
㨨,牛,ㄌㄧㄡˋ,3A28,False
搆,狗,ㄍㄡˋ,6406,False
搑,龍,ㄖㄨㄥˇ,6411,False
搘,豬,ㄓ,6418,False
搰,虎,ㄏㄨˊ,6430,True
搷,蛇,ㄕㄣ,6437,True
摂,蛇,ㄕㄜˋ,6442,True
摄,蛇,ㄕㄜˋ,6444,True
摅,鼠,ㄕㄨ,6445,False
摎,牛,ㄌㄧㄡˊ,644E,True
摑,狗,ㄍㄨㄛˊ,6451,False
摢,虎,ㄏㄨˋ,6462,False
摩,馬,ㄇㄚ,6469,True
摭,豬,ㄓˊ,646D,True
摯,豬,ㄓˋ,646F,False
摴,鼠,ㄕㄨ,6474,False
摵,蛇,ㄕㄜˋ,6475,True
撀,狗,ㄍㄡˋ,6480,False
撃,雞,ㄐㄧˊ,6483,False
搱,豬,ㄓˋ,6431,False
撕,鼠,ㄙ,6495,True
撠,雞,ㄐㄧˇ,64A0,False
撫,虎,ㄏㄨ,64AB,True
擊,雞,ㄐㄧˋ,64CA,True
據,雞,ㄐㄩˋ,64DA,False
擠,雞,ㄐㄧˇ,64E0,False
擧,雞,ㄐㄩˇ,64E7,False
擭,虎,ㄏㄨˋ,64ED,True
擮,雞,ㄐㄧˊ,64EE,False
擲,豬,ㄓ,64F2,True
擵,馬,ㄇㄚ,64F5,True
擿,豬,ㄓˋ,64FF,True
攁,羊,ㄧㄤˇ,6501,False
攄,鼠,ㄕㄨ,6504,False
攉,猴,ㄏㄨㄛ,6509,True
攏,龍,ㄌㄨㄥˇ,650F,False
攝,蛇,ㄕㄜˋ,651D,True
攠,馬,ㄇㄚ,6520,True
支,豬,ㄓ,652F,False
攲,雞,ㄐㄧ,6532,True
敆,猴,ㄏㄜˊ,6546,False
敋,狗,ㄍㄨㄛˊ,654B,True
敭,羊,ㄧㄤˊ,656D,False
数,鼠,ㄕㄨˇ,6570,True
敱,豬,ㄓㄨˊ,6571,True
敷,虎,ㄈㄨ,6577,False
數,鼠,ㄕㄨˇ,6578,True
斁,兔,ㄉㄨˋ,6581,True
斛,虎,ㄏㄨˊ,659B,False
斧,虎,ㄈㄨˇ,65A7,False
斯,鼠,ㄙ,65AF,False
斸,豬,ㄓㄨˊ,65B8,True
施,鼠,ㄕˇ,65BD,True
斿,牛,ㄌㄧㄡˊ,65BF,True
旈,牛,ㄌㄧㄡˊ,65C8,False
旉,虎,ㄈㄨ,65C9,False
族,豬,ㄗㄨˊ,65CF,True
旒,牛,ㄌㄧㄡˊ,65D2,False
旘,豬,ㄓˋ,65D8,False
旡,雞,ㄐㄧˋ,65E1,False
既,雞,ㄐㄧˋ,65E2,True
旣,雞,ㄐㄧˋ,65E3,True
旤,猴,ㄏㄨㄛˋ,65E4,False
旨,豬,ㄓˇ,65E8,False
时,鼠,ㄕˊ,65F6,False
旸,羊,ㄧㄤˊ,65F8,False
旹,鼠,ㄕˊ,65F9,False
昈,虎,ㄏㄨˋ,6608,False
昒,虎,ㄏㄨ,6612,False
昚,蛇,ㄕㄣˋ,661A,False
昛,雞,ㄐㄩˋ,661B,False
昜,羊,ㄧㄤˊ,661C,False
是,鼠,ㄕˋ,662F,False
昰,鼠,ㄕˋ,6630,True
昵,豬,ㄓˋ,6635,True
昽,龍,ㄌㄨㄥˊ,663D,False
時,鼠,ㄕˊ,6642,False
晊,豬,ㄓˇ,664A,False
晢,豬,ㄓˋ,6662,True
晣,豬,ㄓˋ,6663,True
智,豬,ㄓ,667A,True
暑,鼠,ㄕㄨˇ,6691,False
暊,虎,ㄈㄨˇ,668A,False
暍,猴,ㄏㄜˋ,668D,True
暏,兔,ㄉㄨˇ,668F,False
暘,羊,ㄧㄤˊ,6698,False
暨,雞,ㄐㄧˋ,66A8,False
曁,雞,ㄐㄧˋ,66C1,False
曙,鼠,ㄕㄨˇ,66D9,True
曤,猴,ㄏㄨㄛˋ,66E4,False
曧,龍,ㄖㄨㄥˊ,66E7,False
曨,龍,ㄌㄨㄥˊ,66E8,False
曶,虎,ㄏㄨ,66F6,False
曷,猴,ㄏㄜˊ,66F7,False
書,鼠,ㄕㄨ,66F8,False
服,虎,ㄈㄨˋ,670D,True
朝,豬,ㄓㄨ,671D,True
朞,雞,ㄐㄧ,671E,True
期,雞,ㄐㄧ,671F,True
朧,龍,ㄌㄨㄥˇ,6727,True
朮,豬,ㄓㄨˊ,672E,True
术,鼠,ㄕㄨˋ,672F,True
朱,鼠,ㄕㄨˊ,6731,True
机,雞,ㄐㄧ,673A,False
杀,蛇,ㄕㄜˋ,6740,True
杜,兔,ㄉㄨˋ,675C,False
束,鼠,ㄕㄨˋ,675F,False
杨,羊,ㄧㄤˊ,6768,False
杩,馬,ㄇㄚˇ,6769,True
极,雞,ㄐㄧˊ,6781,False
杫,鼠,ㄙˋ,676B,False
杸,鼠,ㄕㄨ,6778,False
杻,牛,ㄋㄧㄡˇ,677B,True
杼,鼠,ㄕㄨˋ,677C,True
构,狗,ㄍㄡˋ,6784,True
枅,雞,ㄐㄧ,6785,True
枎,虎,ㄈㄨ,678E,True
枑,虎,ㄏㄨˋ,6791,False
枓,豬,ㄓㄨˇ,6793,True
果,狗,ㄍㄨㄛˇ,679C,True
枝,豬,ㄓ,679D,True
枢,鼠,ㄕㄨ,67A2,False
枱,鼠,ㄙˋ,67B1,True
枳,豬,ㄓˇ,67B3,True
枸,狗,ㄍㄡ,67B8,True
枹,虎,ㄈㄨˊ,67B9,True
枾,鼠,ㄕˋ,67BE,False
柇,猴,ㄏㄜˊ,67C7,False
柍,羊,ㄧㄤ,67CD,False
柎,虎,ㄈㄨˋ,67CE,True
柚,豬,ㄓㄨˊ,67DA,True
柛,蛇,ㄕㄣ,67DB,False
柜,雞,ㄐㄩˇ,67DC,True
柣,豬,ㄓˋ,67E3,True
柤,豬,ㄗㄨˇ,67E4,True
柫,虎,ㄈㄨˊ,67EB,False
柱,豬,ㄓㄨˇ,67F1,True
柳,牛,ㄌㄧㄡˇ,67F3,False
柶,鼠,ㄙˋ,67F6,False
柷,豬,ㄓㄨˋ,67F7,False
柹,鼠,ㄕˋ,67F9,False
柿,鼠,ㄕˋ,67FF,False
栀,豬,ㄓ,6800,False
栁,牛,ㄌㄧㄡˇ,6801,False
栄,龍,ㄖㄨㄥˊ,6804,False
栉,豬,ㄓˋ,6809,True
栊,龍,ㄌㄨㄥˊ,680A,False
树,鼠,ㄕㄨˋ,6811,False
栜,蛇,ㄕㄜˋ,681C,True
株,豬,ㄓㄨ,682A,False
样,羊,ㄧㄤˋ,6837,True
核,虎,ㄏㄨˊ,6838,True
栺,豬,ㄓˇ,683A,False
栻,鼠,ㄕˋ,683B,True
栿,虎,ㄈㄨˊ,683F,False
桎,豬,ㄓˊ,684E,True
桔,雞,ㄐㄩˊ,6854,True
桴,虎,ㄈㄨˊ,6874,False
桺,牛,ㄌㄧㄡˇ,687A,False
梇,龍,ㄌㄨㄥˋ,6887,False
梌,兔,ㄊㄨˊ,688C,False
梔,豬,ㄓ,6894,False
梞,雞,ㄐㄧˋ,689E,False
梩,鼠,ㄙˋ,68A9,True
梮,雞,ㄐㄩˊ,68AE,False
梳,鼠,ㄕㄨ,68B3,False
梽,豬,ㄓˋ,68BD,False
棋,雞,ㄐㄧ,68CB,True
棘,雞,ㄐㄧˊ,68D8,False
棴,虎,ㄈㄨˊ,68F4,False
棽,蛇,ㄕㄣ,68FD,True
椁,狗,ㄍㄨㄛˇ,6901,False
椇,雞,ㄐㄩˇ,6907,False
椈,雞,ㄐㄩˊ,6908,False
植,豬,ㄓˊ,690D,False
椐,雞,ㄐㄩ,6910,False
椟,兔,ㄉㄨˊ,691F,False
椥,豬,ㄓ,6925,False
椮,蛇,ㄕㄣ,692E,True
椱,猴,ㄈㄡˋ,6931,False
椹,蛇,ㄕㄣˋ,6939,True
楀,雞,ㄐㄩˇ,6940,True
楁,猴,ㄏㄜˊ,6941,False
楇,猴,ㄏㄨㄛˋ,6947,False
楊,羊,ㄧㄤˊ,694A,False
楒,鼠,ㄙ,6952,False
楖,雞,ㄐㄧˊ,6956,True
楛,虎,ㄏㄨˋ,695B,True
楜,虎,ㄏㄨˊ,695C,False
楫,雞,ㄐㄧˊ,696B,False
楮,豬,ㄓㄨ,696E,True
極,雞,ㄐㄧˊ,6975,False
榉,雞,ㄐㄩˇ,6989,False
榘,雞,ㄐㄩˇ,6998,False
榑,虎,ㄈㄨˊ,6991,True
榕,龍,ㄖㄨㄥˊ,6995,False
榡,鼠,ㄙㄨˋ,69A1,False
榪,馬,ㄇㄚˇ,69AA,True
榮,龍,ㄖㄨㄥˊ,69AE,False
榯,鼠,ㄕˊ,69AF,False
榰,豬,ㄓ,69B0,False
榴,牛,ㄌㄧㄡˊ,69B4,False
榵,龍,ㄖㄨㄥˊ,69B5,False
榹,鼠,ㄙ,69B9,False
槅,猴,ㄏㄜˊ,69C5,True
槉,雞,ㄐㄧˊ,69C9,False
構,狗,ㄍㄡˋ,69CB,False
様,羊,ㄧㄤˋ,69D8,False
槠,豬,ㄓㄨ,69E0,False
槨,狗,ㄍㄨㄛˇ,69E8,False
槭,蛇,ㄙㄜˋ,69ED,True
槮,蛇,ㄕㄣ,69EE,True
槲,虎,ㄏㄨˊ,69F2,False
槴,虎,ㄏㄨˋ,69F4,False
樍,雞,ㄐㄧ,6A0D,False
樕,鼠,ㄙㄨˋ,6A15,False
樗,鼠,ㄕㄨ,6A17,True
樜,鼠,ㄕㄨˋ,6A1C,False
樞,鼠,ㄕㄨ,6A1E,False
樣,羊,ㄧㄤˋ,6A23,True
樦,豬,ㄓㄨˋ,6A26,False
橥,豬,ㄓㄨ,6A65,False
樴,豬,ㄓˊ,6A34,False
樹,鼠,ㄕㄨˋ,6A39,False
橊,牛,ㄌㄧㄡˊ,6A4A,False
橐,兔,ㄉㄨˋ,6A50,True
橘,雞,ㄐㄩˊ,6A58,False
橚,鼠,ㄙㄨˋ,6A5A,False
機,雞,ㄐㄧ,6A5F,False
橮,牛,ㄌㄧㄡˇ,6A6E,False
橶,雞,ㄐㄧˊ,6A76,False
橾,鼠,ㄕㄨ,6A7E,False
檂,龍,ㄋㄨㄥˊ,6A82,False
檋,雞,ㄐㄩˊ,6A8B,True
檕,雞,ㄐㄧˋ,6A95,True
檝,雞,ㄐㄧˊ,6A9D,False
檡,鼠,ㄕˋ,6AA1,True
檨,蛇,ㄕㄜ,6AA8,False
檱,雞,ㄐㄧ,6AB1,True
檴,猴,ㄏㄨㄛˋ,6AB4,False
檵,雞,ㄐㄧˋ,6AB5,True
櫅,雞,ㄐㄧ,6AC5,False
櫍,豬,ㄓˋ,6ACD,False
櫛,豬,ㄓˋ,6ADB,True
櫝,兔,ㄉㄨˊ,6ADD,False
櫡,豬,ㄓㄨˋ,6AE1,True
櫫,豬,ㄓㄨ,6AEB,False
櫭,雞,ㄐㄧˋ,6AED,True
櫧,豬,ㄓㄨ,6AE7,False
櫯,鼠,ㄙㄨ,6AEF,False
櫳,龍,ㄌㄨㄥˊ,6AF3,False
櫸,雞,ㄐㄩˇ,6AF8,False
欁,龍,ㄋㄨㄥˊ,6B01,False
欅,雞,ㄐㄩˇ,6B05,False
欇,蛇,ㄕㄜˋ,6B07,False
欘,豬,ㄓㄨˊ,6B18,True
欱,猴,ㄏㄜ,6B31,True
㰵,豬,ㄗㄨˊ,3C35,False
欻,虎,ㄏㄨ,6B3B,True
歑,虎,ㄏㄨ,6B51,False
歙,蛇,ㄕㄜˋ,6B59,True
止,豬,ㄓˇ,6B62,False
歫,雞,ㄐㄩˋ,6B6B,False
歮,蛇,ㄙㄜˋ,6B6E,False
歰,蛇,ㄙㄜˋ,6B70,True
死,鼠,ㄙˇ,6B7B,False
殃,羊,ㄧㄤ,6B83,False
殊,鼠,ㄕㄨ,6B8A,False
殐,鼠,ㄙㄨˋ,6B90,False
殕,猴,ㄈㄡˇ,6B95,False
殖,鼠,ㄕˋ,6B96,True
殛,雞,ㄐㄧˊ,6B9B,False
殬,兔,ㄉㄨˋ,6BAC,False
殰,兔,ㄉㄨˊ,6BB0,False
殳,鼠,ㄕㄨ,6BB3,False
殶,豬,ㄓㄨˋ,6BB6,False
殺,蛇,ㄕㄜˋ,6BBA,True
𣪠,雞,ㄐㄧˋ,23AA0,True
毄,雞,ㄐㄧ,6BC4,False
毒,兔,ㄉㄨˊ,6BD2,True
毧,龍,ㄖㄨㄥˊ,6BE7,False
毩,雞,ㄐㄩˊ,6BE9,False
毱,雞,ㄐㄩˊ,6BF1,False
毹,鼠,ㄕㄨ,6BF9,True
毼,猴,ㄏㄜˊ,6BFC,False
氄,龍,ㄖㄨㄥˇ,6C04,False
氏,豬,ㄓ,6C0F,True
氐,豬,ㄓ,6C10,True
氟,虎,ㄈㄨˊ,6C1F,False
氠,蛇,ㄕㄣ,6C20,False
氧,羊,ㄧㄤˇ,6C27,False
氱,羊,ㄧㄤˇ,6C31,False
汁,鼠,ㄕ,6C41,True
汜,鼠,ㄙˋ,6C5C,False
汤,羊,ㄧㄤˊ,6C64,True
汥,豬,ㄓ,6C65,False
汩,虎,ㄏㄨˊ,6C69,True
汲,雞,ㄐㄧˊ,6C72,False
汼,牛,ㄋㄧㄡˊ,6C7C,False
沈,蛇,ㄕㄣˇ,6C88,True
沍,虎,ㄏㄨˋ,6C8D,False
沎,猴,ㄏㄨㄛˋ,6C8E,False
沚,豬,ㄓˇ,6C9A,False
沟,狗,ㄍㄡ,6C9F,False
沠,牛,ㄌㄧㄡˊ,6CA0,False
沪,虎,ㄏㄨˋ,6CAA,False
沭,鼠,ㄕㄨˋ,6CAD,False
沮,雞,ㄐㄩˇ,6CAE,True
河,猴,ㄏㄜˊ,6CB3,False
沸,虎,ㄈㄨˊ,6CB8,True
治,豬,ㄓˋ,6CBB,True
泀,鼠,ㄙ,6CC0,False
泃,雞,ㄐㄩ,6CC3,True
泖,牛,ㄌㄧㄡˇ,6CD6,True
泗,鼠,ㄙˋ,6CD7,False
泘,虎,ㄏㄨ,6CD8,False
泜,豬,ㄓˋ,6CDC,True
泝,鼠,ㄙㄨˋ,6CDD,False
泞,豬,ㄓㄨˋ,6CDE,True
泣,蛇,ㄙㄜˋ,6CE3,True
泤,鼠,ㄙˋ,6CE4,False
泦,雞,ㄐㄩˊ,6CE6,False
注,豬,ㄓㄨˋ,6CE8,True
泭,虎,ㄈㄨˊ,6CED,True
泱,羊,ㄧㄤˇ,6CF1,True
泲,雞,ㄐㄧˇ,6CF2,False
泷,龍,ㄌㄨㄥˊ,6CF7,True
泽,鼠,ㄕˋ,6CFD,True
洁,雞,ㄐㄧˊ,6D01,True
洉,猴,ㄏㄡˋ,6D09,False
洋,羊,ㄧㄤˇ,6D0B,True
洎,雞,ㄐㄧˋ,6D0E,False
洑,虎,ㄈㄨˋ,6D11,True
洔,豬,ㄓˇ,6D14,False
洙,豬,ㄓㄨ,6D19,False
洰,雞,ㄐㄩˋ,6D30,False
洷,豬,ㄓˋ,6D37,False
活,狗,ㄍㄨㄛ,6D3B,True
洽,猴,ㄏㄜˊ,6D3D,True
流,牛,ㄌㄧㄡˊ,6D41,False
浉,鼠,ㄕ,6D49,False
济,雞,ㄐㄧˇ,6D4E,True
浏,牛,ㄌㄧㄡˊ,6D4F,False
浒,虎,ㄏㄨˇ,6D52,False
浓,龍,ㄋㄨㄥˊ,6D53,False
洍,鼠,ㄙˋ,6D0D,False
浮,虎,ㄈㄨˊ,6D6E,False
涁,蛇,ㄕㄣˋ,6D81,False
涂,兔,ㄊㄨˊ,6D82,False
涉,蛇,ㄕㄜˋ,6D89,True
涋,兔,ㄊㄨ,6D8B,False
涑,鼠,ㄕㄨˋ,6D91,True
涘,鼠,ㄙˋ,6D98,False
涜,兔,ㄉㄨˊ,6D9C,False
涡,狗,ㄍㄨㄛ,6DA1,True
涩,蛇,ㄙㄜˋ,6DA9,False
涪,虎,ㄈㄨˊ,6DAA,True
液,鼠,ㄕˋ,6DB2,True
涸,猴,ㄏㄜˊ,6DB8,True
涺,雞,ㄐㄩ,6DBA,False
淉,狗,ㄍㄨㄛˇ,6DC9,False
淑,鼠,ㄕㄨ,6DD1,True
淗,雞,ㄐㄩˊ,6DD7,False
淛,豬,ㄓˋ,6DDB,True
淬,豬,ㄗㄨˊ,6DEC,True
淰,蛇,ㄕㄣˇ,6DF0,True
深,蛇,ㄕㄣ,6DF1,False
淴,虎,ㄏㄨ,6DF4,True
淽,豬,ㄓˇ,6DFD,False
済,雞,ㄐㄧˋ,6E08,False
渉,蛇,ㄕㄜˋ,6E09,True
渎,兔,ㄉㄨˊ,6E0E,True
渖,蛇,ㄕㄣˇ,6E16,False
渗,蛇,ㄕㄣˋ,6E17,True
渚,豬,ㄓㄨˇ,6E1A,False
渠,雞,ㄐㄩˋ,6E20,True
渡,兔,ㄉㄨˋ,6E21,False
渦,狗,ㄍㄨㄛ,6E26,True
渴,猴,ㄏㄜˊ,6E34,True
游,牛,ㄌㄧㄡˊ,6E38,True
湁,鼠,ㄕˊ,6E41,False
湒,雞,ㄐㄧˊ,6E52,False
湖,虎,ㄏㄨˊ,6E56,False
湜,鼠,ㄕˊ,6E5C,False
湤,鼠,ㄕ,6E64,False
湥,兔,ㄊㄨˊ,6E65,False
湨,雞,ㄐㄩˊ,6E68,True
湯,羊,ㄧㄤˊ,6E6F,True
湰,龍,ㄌㄨㄥˊ,6E70,False
湱,猴,ㄏㄨㄛˋ,6E71,False
湿,鼠,ㄕ,6E7F,True
滞,豬,ㄓˋ,6EDE,False
溜,牛,ㄌㄧㄡˊ,6E9C,True
溝,狗,ㄍㄡ,6E9D,True
溡,鼠,ㄕˊ,6EA1,False
溤,馬,ㄇㄚˇ,6EA4,False
溥,虎,ㄈㄨ,6EA5,True
溮,鼠,ㄕ,6EAE,False
溯,鼠,ㄙㄨˋ,6EAF,True
溶,龍,ㄖㄨㄥˊ,6EB6,False
溸,鼠,ㄙㄨˋ,6EB8,False
溹,鼠,ㄙㄨˋ,6EB9,True
溼,鼠,ㄕ,6EBC,True
滆,猴,ㄏㄜˊ,6EC6,True
滍,豬,ㄓˋ,6ECD,True
滏,虎,ㄈㄨˇ,6ECF,False
滝,龍,ㄌㄨㄥˊ,6EDD,True
滠,蛇,ㄕㄜˋ,6EE0,False
滬,虎,ㄏㄨˋ,6EEC,False
滯,豬,ㄓˋ,6EEF,True
滲,蛇,ㄕㄣˋ,6EF2,True
滸,虎,ㄏㄨˇ,6EF8,True
滹,虎,ㄏㄨˇ,6EF9,True
滽,龍,ㄖㄨㄥˊ,6EFD,True
漃,雞,ㄐㄧˊ,6F03,False
漈,雞,ㄐㄧˋ,6F08,False
漍,狗,ㄍㄨㄛˊ,6F0D,False
漐,豬,ㄓˊ,6F10,False
漬,蛇,ㄙㄜˋ,6F2C,True
漱,鼠,ㄕㄨˋ,6F31,True
漻,牛,ㄌㄧㄡˊ,6F3B,True
漾,羊,ㄧㄤˊ,6F3E,True
潄,鼠,ㄕㄨˋ,6F44,True
潌,豬,ㄓˋ,6F4C,False
漋,龍,ㄌㄨㄥˊ,6F0B,False
潗,雞,ㄐㄧˊ,6F57,False
潥,鼠,ㄙㄨˋ,6F65,False
潳,兔,ㄊㄨˊ,6F73,False
潴,豬,ㄓㄨ,6F74,False
潻,鼠,ㄕㄨˇ,6F7B,False
澁,蛇,ㄙㄜˋ,6F81,False
澌,鼠,ㄙ,6F8C,True
澍,豬,ㄓㄨˋ,6F8D,True
澑,牛,ㄌㄧㄡˊ,6F91,True
澓,虎,ㄈㄨˊ,6F93,False
澕,猴,ㄏㄜˊ,6F95,False
濐,豬,ㄓㄨˇ,6FD0,False
澤,鼠,ㄕˋ,6FA4,True
澨,鼠,ㄕˋ,6FA8,False
澽,雞,ㄐㄩˋ,6FBD,False
激,雞,ㄐㄧ,6FC0,True
濃,龍,ㄋㄨㄥˊ,6FC3,False
濄,狗,ㄍㄨㄛ,6FC4,True
濇,蛇,ㄙㄜˋ,6FC7,False
濈,雞,ㄐㄧˊ,6FC8,False
濊,猴,ㄏㄨㄛˋ,6FCA,True
濖,鼠,ㄕㄨˋ,6FD6,False
澀,蛇,ㄙㄜˋ,6F80,False
濕,鼠,ㄕ,6FD5,True
濟,雞,ㄐㄧˇ,6FDF,True
濩,虎,ㄏㄨˋ,6FE9,True
瀁,羊,ㄧㄤˇ,7001,True
瀃,鼠,ㄙˋ,7003,False
瀆,兔,ㄉㄨˊ,7006,True
瀋,蛇,ㄕㄣˇ,700B,True
瀏,牛,ㄌㄧㄡ,700F,True
瀒,蛇,ㄙㄜˋ,7012,False
瀖,猴,ㄏㄨㄛˋ,7016,False
瀜,龍,ㄖㄨㄥˊ,701C,True
瀦,豬,ㄓㄨ,7026,False
瀧,龍,ㄌㄨㄥˊ,7027,True
瀫,虎,ㄏㄨˊ,702B,False
瀱,雞,ㄐㄧˋ,7031,False
灄,蛇,ㄕㄜˋ,7044,True
灑,鼠,ㄕ,7051,True
灟,豬,ㄓㄨˊ,705F,False
火,猴,ㄏㄨㄛ,706B,True
灬,猴,ㄏㄡˇ,706C,True
炀,羊,ㄧㄤˋ,7080,True
炄,牛,ㄋㄧㄡˇ,7084,False
炙,豬,ㄓˋ,7099,False
炢,豬,ㄓㄨˊ,70A2,False
炥,虎,ㄈㄨˊ,70A5,False
炬,雞,ㄐㄩˋ,70AC,False
炴,羊,ㄧㄤˇ,70B4,False
炷,豬,ㄓㄨˋ,70B7,False
炻,鼠,ㄕˊ,70BB,False
烀,虎,ㄏㄨ,70C0,False
烊,羊,ㄧㄤˋ,70CA,True
烒,鼠,ㄕˋ,70D2,False
烛,豬,ㄓㄨˊ,70DB,False
烰,虎,ㄈㄨˊ,70F0,False
烼,虎,ㄏㄨ,70FC,False
烿,龍,ㄖㄨㄥˊ,70FF,False
焀,虎,ㄏㄨˊ,7100,False
焂,鼠,ㄕㄨˊ,7102,False
焃,猴,ㄏㄜˋ,7103,False
焏,雞,ㄐㄧˊ,710F,True
焗,雞,ㄐㄩˊ,7117,False
焣,雞,ㄐㄩˋ,7123,False
焤,虎,ㄈㄨˇ,7124,False
煮,豬,ㄓㄨˇ,716E,False
煁,蛇,ㄕㄣˊ,7141,True
煂,猴,ㄏㄜˋ,7142,False
煑,豬,ㄓㄨˇ,7151,False
煬,羊,ㄧㄤˋ,716C,True
煳,虎,ㄏㄨˊ,7173,False
煹,狗,ㄍㄡˋ,7179,False
熆,猴,ㄏㄜˊ,7186,False
熇,猴,ㄏㄜˋ,7187,False
熔,龍,ㄖㄨㄥˊ,7194,False
熘,牛,ㄌㄧㄡˋ,7198,True
𤌍,虎,ㄏㄨˊ,2430D,False
熟,鼠,ㄕㄨˊ,719F,True
熩,虎,ㄏㄨˋ,71A9,False
熫,豬,ㄓˋ,71AB,False
燊,蛇,ㄕㄣ,71CA,False
燍,鼠,ㄙ,71CD,False
燭,豬,ㄓㄨˊ,71ED,False
燶,龍,ㄋㄨㄥˊ,71F6,False
爀,猴,ㄏㄜˋ,7200,False
爃,龍,ㄖㄨㄥˊ,7203,False
𤐰,猴,ㄏㄨㄛˋ,24430,False
爖,龍,ㄌㄨㄥˊ,7216,False
爥,豬,ㄓㄨˊ,7225,False
父,虎,ㄈㄨˇ,7236,True
爼,豬,ㄗㄨˇ,723C,False
牍,兔,ㄉㄨˊ,724D,False
牏,豬,ㄓㄨˋ,724F,True
牘,兔,ㄉㄨˊ,7258,False
牛,牛,ㄋㄧㄡˊ,725B,False
牭,鼠,ㄙˋ,726D,False
犄,雞,ㄐㄧ,7284,True
犆,豬,ㄓˊ,7286,True
犊,兔,ㄉㄨˊ,728A,False
犋,雞,ㄐㄩˋ,728B,False
犑,雞,ㄐㄩˊ,7291,False
犘,馬,ㄇㄚˊ,7298,False
犢,兔,ㄉㄨˊ,72A2,False
犱,雞,ㄐㄧˇ,72B1,False
犵,猴,ㄏㄜˊ,72B5,True
犸,馬,ㄇㄚˇ,72B8,True
犼,猴,ㄏㄡˇ,72BC,False
狃,牛,ㄋㄧㄡˇ,72C3,True
狊,雞,ㄐㄩˊ,72CA,False
狐,虎,ㄏㄨˊ,72D0,False
狗,狗,ㄍㄡˇ,72D7,False
狙,雞,ㄐㄩ,72D9,False
狢,猴,ㄏㄜˊ,72E2,False
狤,雞,ㄐㄧˊ,72E4,False
狨,龍,ㄖㄨㄥˊ,72E8,False
独,兔,ㄉㄨˊ,72EC,False
狮,鼠,ㄕ,72EE,False
狾,豬,ㄓˋ,72FE,False
猓,狗,ㄍㄨㄛˇ,7313,True
猗,雞,ㄐㄧˋ,7317,True
猘,豬,ㄓˋ,7318,False
猞,蛇,ㄕㄜ,731E,True
猪,豬,ㄓㄨ,732A,False
猢,虎,ㄏㄨˊ,7322,False
猤,雞,ㄐㄧˋ,7324,False
猲,猴,ㄏㄜˋ,7332,True
猴,猴,ㄏㄡˊ,7334,False
獁,馬,ㄇㄚˇ,7341,True
獅,鼠,ㄕ,7345,False
獨,兔,ㄉㄨˊ,7368,False
獲,猴,ㄏㄨㄛˋ,7372,False
玊,鼠,ㄙㄨˋ,738A,False
玑,雞,ㄐㄧ,7391,False
玘,雞,ㄐㄧˇ,7398,True
玚,羊,ㄧㄤˊ,739A,True
玛,馬,ㄇㄚˇ,739B,False
玞,虎,ㄈㄨ,739E,False
玸,虎,ㄈㄨˊ,73B8,False
玽,狗,ㄍㄡˇ,73BD,False
珅,蛇,ㄕㄣ,73C5,False
珇,豬,ㄗㄨˇ,73C7,False
珋,牛,ㄌㄧㄡˇ,73CB,False
珑,龍,ㄌㄨㄥˊ,73D1,False
珜,羊,ㄧㄤˊ,73DC,False
珟,鼠,ㄙㄨˋ,73DF,False
珠,豬,ㄓㄨ,73E0,False
琉,牛,ㄌㄧㄡˊ,7409,False
琈,虎,ㄈㄨˊ,7408,False
琚,雞,ㄐㄩ,741A,False
琥,虎,ㄏㄨˇ,7425,False
琽,兔,ㄉㄨˇ,743D,False
瑒,羊,ㄧㄤˊ,7452,True
瑚,虎,ㄏㄨˊ,745A,False
瑟,蛇,ㄙㄜˋ,745F,False
瑠,牛,ㄌㄧㄡˊ,7460,False
瑡,鼠,ㄕ,7461,False
瑢,龍,ㄖㄨㄥˊ,7462,False
瑪,馬,ㄇㄚˇ,746A,False
瑬,牛,ㄌㄧㄡˊ,746C,False
瑹,兔,ㄊㄨˊ,7479,False
璏,豬,ㄓˋ,748F,False
璛,鼠,ㄙㄨˋ,749B,False
璣,雞,ㄐㄧ,74A3,False
璢,牛,ㄌㄧㄡˊ,74A2,False
璱,蛇,ㄙㄜˋ,74B1,False
璹,鼠,ㄕㄨˊ,74B9,True
璾,雞,ㄐㄧˋ,74BE,False
瓁,猴,ㄏㄨㄛˋ,74C1,False
瓄,兔,ㄉㄨˊ,74C4,False
瓆,豬,ㄓˊ,74C6,False
瓏,龍,ㄌㄨㄥˊ,74CF,False
瓠,猴,ㄏㄨㄛˋ,74E0,True
瓡,豬,ㄓˊ,74E1,False
瓳,虎,ㄏㄨˊ,74F3,False
甚,蛇,ㄕㄣˋ,751A,True
甡,蛇,ㄕㄣ,7521,True
甦,鼠,ㄙㄨ,7526,False
甫,虎,ㄈㄨˇ,752B,True
申,蛇,ㄕㄣ,7533,False
甶,虎,ㄈㄨˊ,7536,False
畂,牛,ㄌㄧㄡˋ,7542,True
畄,牛,ㄌㄧㄡˊ,7544,False
畉,虎,ㄈㄨˊ,7549,False
畐,虎,ㄈㄨˊ,7550,False
畗,虎,ㄈㄨˊ,7557,True
留,牛,ㄌㄧㄡˋ,7559,True
畤,豬,ㄓˋ,7564,False
畬,蛇,ㄕㄜ,756C,True
畲,蛇,ㄕㄜ,7572,True
畸,雞,ㄐㄧ,7578,True
畱,牛,ㄌㄧㄡˇ,7571,True
畿,雞,ㄐㄧ,757F,False
疁,牛,ㄌㄧㄡˊ,7581,False
疋,鼠,ㄕㄨ,758B,True
疎,鼠,ㄕㄨˋ,758E,True
疏,鼠,ㄕㄨˋ,758F,True
疐,豬,ㄓˋ,7590,True
疡,羊,ㄧㄤˊ,75A1,False
疧,豬,ㄓ,75A7,False
疰,豬,ㄓㄨˋ,75B0,False
疵,雞,ㄐㄧˋ,75B5,True
疻,豬,ㄓˇ,75BB,False
疽,雞,ㄐㄩˇ,75BD,True
疾,雞,ㄐㄧˊ,75BE,False
痀,雞,ㄐㄩ,75C0,True
㾊,雞,ㄐㄧˊ,3F8A,False
痒,羊,ㄧㄤˊ,75D2,True
痔,豬,ㄓˋ,75D4,False
痜,兔,ㄊㄨ,75DC,False
痣,豬,ㄓˋ,75E3,False
痲,馬,ㄇㄚˊ,75F2,False
痵,雞,ㄐㄧˋ,75F5,False
瘃,豬,ㄓㄨˇ,7603,True
瘆,蛇,ㄕㄣˋ,7606,False
瘈,豬,ㄓˋ,7608,True
瘊,猴,ㄏㄡˊ,760A,False
瘍,羊,ㄧㄤˊ,760D,True
瘎,蛇,ㄕㄣˋ,760E,False
瘏,兔,ㄊㄨˊ,760F,False
瘠,雞,ㄐㄧˊ,7620,True
瘤,牛,ㄌㄧㄡˊ,7624,False
瘮,蛇,ㄕㄣˋ,762E,False
瘵,雞,ㄐㄧˋ,7635,True
癁,虎,ㄈㄨˊ,7641,False
癃,龍,ㄌㄨㄥˊ,7643,False
癅,牛,ㄌㄧㄡˊ,7645,False
癋,猴,ㄏㄜˋ,764B,False
癑,龍,ㄋㄨㄥˊ,7651,False
癙,鼠,ㄕㄨˇ,7659,False
癠,雞,ㄐㄧˊ,7660,True
癢,羊,ㄧㄤˇ,7662,False
癨,猴,ㄏㄨㄛˋ,7668,False
皀,雞,ㄐㄧˊ,7680,True
皍,雞,ㄐㄧˊ,768D,False
皬,猴,ㄏㄜˊ,76AC,True
皾,兔,ㄉㄨˊ,76BE,False
盇,猴,ㄏㄜˊ,76C7,False
盉,猴,ㄏㄜˊ,76C9,False
盍,猴,ㄏㄜˊ,76CD,True
盒,猴,ㄏㄜˊ,76D2,True
盖,猴,ㄏㄜˊ,76D6,True
盙,虎,ㄈㄨˇ,76D9,False
盨,鼠,ㄕㄨˇ,76E8,True
直,豬,ㄓˊ,76F4,False
眂,鼠,ㄕˋ,7702,False
眎,鼠,ㄕˋ,770E,False
眏,羊,ㄧㄤ,770F,False
眒,蛇,ㄕㄣˋ,7712,False
眓,猴,ㄏㄨㄛˋ,7713,False
眗,雞,ㄐㄩ,7717,False
眘,蛇,ㄕㄣˋ,7718,False
眝,豬,ㄓㄨˋ,771D,False
眬,龍,ㄌㄨㄥˊ,772C,False
眻,羊,ㄧㄤˊ,773B,False
睗,鼠,ㄕˋ,7757,False
督,兔,ㄉㄨ,7763,False
睫,蛇,ㄕㄜˋ,776B,True
睰,馬,ㄇㄚˋ,7770,False
睹,兔,ㄉㄨˇ,7779,False
睺,猴,ㄏㄡˊ,777A,False
睽,雞,ㄐㄧˋ,777D,True
瞡,雞,ㄐㄧˋ,77A1,False
䁯,蛇,ㄕㄜˋ,406F,True
瞩,豬,ㄓㄨˇ,77A9,False
瞫,蛇,ㄕㄣˇ,77AB,False
瞿,雞,ㄐㄧˊ,77BF,True
矆,猴,ㄏㄨㄛˋ,77C6,True
矐,猴,ㄏㄨㄛˋ,77D0,False
矓,龍,ㄌㄨㄥˊ,77D3,False
𥍉,蛇,ㄕㄜˋ,25349,False
矚,豬,ㄓㄨˇ,77DA,False
矢,鼠,ㄕˇ,77E2,False
矤,蛇,ㄕㄣˇ,77E4,False
知,豬,ㄓˋ,77E5,True
矦,猴,ㄏㄡˊ,77E6,False
矧,蛇,ㄕㄣˇ,77E7,False
矩,雞,ㄐㄩˇ,77E9,False
矱,猴,ㄏㄨㄛˋ,77F1,True
石,鼠,ㄕˊ,77F3,True
矶,雞,ㄐㄧ,77F6,False
码,馬,ㄇㄚˇ,7801,False
泵,牛,ㄌㄧㄡˊ,6CF5,True
砆,虎,ㄈㄨ,7806,False
砉,猴,ㄏㄨㄛˋ,7809,True
砋,豬,ㄓˇ,780B,False
砠,雞,ㄐㄩ,7820,True
砥,豬,ㄓˇ,7825,True
砩,虎,ㄈㄨˊ,7829,True
砫,豬,ㄓㄨˋ,782B,True
砷,蛇,ㄕㄣ,7837,False
砻,龍,ㄌㄨㄥˊ,783B,False
硃,豬,ㄓㄨ,7843,False
硅,猴,ㄏㄜˋ,7845,True
硕,鼠,ㄕˊ,7855,True
硦,龍,ㄌㄨㄥˋ,7866,False
硫,牛,ㄌㄧㄡˊ,786B,True
碋,猴,ㄏㄜˋ,788B,False
碌,牛,ㄌㄧㄡˋ,788C,True
碟,蛇,ㄕㄜˊ,789F,True
碡,兔,ㄉㄨˊ,78A1,True
碩,鼠,ㄕˊ,78A9,True
碼,馬,ㄇㄚˇ,78BC,False
碿,鼠,ㄙㄨˋ,78BF,False
磂,牛,ㄌㄧㄡˋ,78C2,False
磃,鼠,ㄙ,78C3,False
磟,牛,ㄌㄧㄡˋ,78DF,True
磯,雞,ㄐㄧ,78EF,False
礉,猴,ㄏㄜˊ,7909,False
礊,猴,ㄏㄨㄛˋ,790A,False
礏,雞,ㄐㄧˊ,790F,False
礩,豬,ㄓˋ,7929,False
礱,龍,ㄌㄨㄥˊ,7931,False
礲,龍,ㄌㄨㄥˊ,7932,False
示,鼠,ㄕˊ,793A,True
礻,鼠,ㄕˋ,793B,False
社,蛇,ㄕㄜˋ,793E,False
祀,鼠,ㄙˋ,7940,False
祁,豬,ㄓˇ,7941,True
祃,馬,ㄇㄚˋ,7943,False
祇,豬,ㄓˇ,7947,True
祉,豬,ㄓˇ,7949,False
视,鼠,ㄕˋ,89C6,False
祏,鼠,ㄕˊ,794F,False
祑,豬,ㄓˋ,7951,False
祓,虎,ㄈㄨˊ,7953,True
祔,虎,ㄈㄨˋ,7954,False
祖,豬,ㄗㄨˇ,7956,True
祗,豬,ㄓ,7957,False
祜,虎,ㄏㄨˋ,795C,False
祝,豬,ㄓㄨˋ,795D,True
神,蛇,ㄕㄣ,795E,True
祠,鼠,ㄙˋ,7960,True
祩,豬,ㄓㄨ,7969,False
祬,豬,ㄓ,796C,False
祭,雞,ㄐㄧˋ,796D,True
祸,猴,ㄏㄨㄛˋ,7978,False
視,鼠,ㄕˋ,8996,False
禃,豬,ㄓˊ,7983,False
禇,豬,ㄓㄨˇ,7987,True
禍,猴,ㄏㄨㄛˋ,798D,False
福,虎,ㄈㄨˋ,798F,True
禓,羊,ㄧㄤˊ,7993,False
禔,豬,ㄓ,7994,True
禗,鼠,ㄙ,7997,False
禝,雞,ㄐㄧˊ,799D,False
禠,鼠,ㄙ,79A0,False
禡,馬,ㄇㄚˋ,79A1,False
禨,雞,ㄐㄧˋ,79A8,True
禩,鼠,ㄙˋ,79A9,False
禯,龍,ㄋㄨㄥˊ,79AF,False
禾,猴,ㄏㄜˊ,79BE,False
禿,兔,ㄊㄨ,79BF,False
私,鼠,ㄙ,79C1,False
秃,兔,ㄊㄨ,79C3,False
秇,豬,ㄓˊ,79C7,True
秓,豬,ㄓ,79D3,False
秖,豬,ㄓˇ,79D6,True
租,雞,ㄐㄩ,79DF,True
秧,羊,ㄧㄤ,79E7,False
秩,豬,ㄓˋ,79E9,False
秪,豬,ㄓ,79EA,False
秫,鼠,ㄕㄨˋ,79EB,True
秬,雞,ㄐㄩˋ,79EC,False
秮,猴,ㄏㄨㄛˊ,79EE,True
积,雞,ㄐㄧ,79EF,False
秲,豬,ㄓˋ,79F2,False
秳,猴,ㄏㄨㄛˊ,79F3,False
秴,猴,ㄏㄜˊ,79F4,False
秶,雞,ㄐㄧˋ,79F6,True
秷,豬,ㄓˊ,79F7,False
秸,雞,ㄐㄧˊ,79F8,True
秺,兔,ㄉㄨˋ,79FA,False
秼,豬,ㄓㄨ,79FC,False
秾,龍,ㄋㄨㄥˊ,79FE,False
秿,虎,ㄈㄨˇ,79FF,False
稃,虎,ㄈㄨˊ,7A03,True
稌,兔,ㄊㄨˊ,7A0C,False
稘,雞,ㄐㄧ,7A18,False
稙,豬,ㄓˊ,7A19,False
稚,豬,ㄓˋ,7A1A,False
稡,豬,ㄗㄨˊ,7A21,False
稣,鼠,ㄙㄨ,7A23,False
稩,雞,ㄐㄧˋ,7A29,False
稪,虎,ㄈㄨˋ,7A2A,False
穊,雞,ㄐㄧˋ,7A4A,False
稷,雞,ㄐㄧˋ,7A37,True
稺,豬,ㄓˋ,7A3A,False
稽,雞,ㄐㄧ,7A3D,True
穀,狗,ㄍㄡˋ,7A40,True
穁,龍,ㄖㄨㄥˊ,7A41,False
穄,雞,ㄐㄧˋ,7A44,False
穌,鼠,ㄙㄨ,7A4C,False
積,雞,ㄐㄧ,7A4D,False
穑,蛇,ㄙㄜˋ,7A51,False
穒,猴,ㄏㄜˋ,7A52,False
穉,豬,ㄓˋ,7A49,False
穖,雞,ㄐㄧˇ,7A56,False
穠,龍,ㄋㄨㄥˊ,7A60,False
穡,蛇,ㄙㄜˋ,7A61,False
穧,雞,ㄐㄧˋ,7A67,False
穫,猴,ㄏㄨㄛˋ,7A6B,False
突,兔,ㄊㄨˊ,7A81,True
窋,豬,ㄓㄨˊ,7A8B,True
窒,豬,ㄓˋ,7A92,True
窣,鼠,ㄙㄨ,7AA3,True
窭,雞,ㄐㄩˋ,7AAD,True
窶,雞,ㄐㄩˋ,7AB6,True
窿,龍,ㄌㄨㄥˊ,7ABF,False
竇,兔,ㄉㄨˊ,7AC7,True
竉,龍,ㄌㄨㄥˇ,7AC9,False
竎,猴,ㄈㄡˋ,7ACE,False
竖,鼠,ㄕㄨˋ,7AD6,False
竘,雞,ㄐㄩˇ,7AD8,True
竚,豬,ㄓㄨˋ,7ADA,False
竜,龍,ㄌㄨㄥˊ,7ADC,False
竢,鼠,ㄙˋ,7AE2,False
竪,鼠,ㄕㄨˋ,7AEA,False
竹,豬,ㄓㄨˊ,7AF9,False
竺,兔,ㄉㄨˇ,7AFA,True
笁,豬,ㄓㄨˊ,7B01,False
笃,兔,ㄉㄨˇ,7B03,False
笈,雞,ㄐㄧˊ,7B08,False
笏,虎,ㄏㄨˋ,7B0F,True
笜,豬,ㄓㄨˊ,7B1C,False
笥,鼠,ㄙˋ,7B25,False
符,虎,ㄈㄨˊ,7B26,False
笰,虎,ㄈㄨˊ,7B30,False
笱,狗,ㄍㄡˇ,7B31,False
笶,鼠,ㄕˇ,7B36,False
笼,龍,ㄌㄨㄥˇ,7B3C,True
笄,雞,ㄐㄧ,7B04,False
筑,豬,ㄓㄨˋ,7B51,True
筓,雞,ㄐㄧ,7B53,False
筟,虎,ㄈㄨ,7B5F,False
筡,兔,ㄊㄨˊ,7B61,False
筥,雞,ㄐㄩˇ,7B65,False
筫,豬,ㄓˋ,7B6B,False
筮,鼠,ㄕˋ,7B6E,False
筯,豬,ㄓㄨˋ,7B6F,False
箕,雞,ㄐㄧ,7B95,False
箙,虎,ㄈㄨˊ,7B99,False
箤,雞,ㄐㄩˊ,7BA4,False
箶,虎,ㄏㄨˊ,7BB6,False
箷,鼠,ㄕ,7BB7,False
箸,豬,ㄓㄨˋ,7BB8,True
箿,雞,ㄐㄧˊ,7BBF,False
篌,猴,ㄏㄡˊ,7BCC,False
築,豬,ㄓㄨˋ,7BC9,True
篕,猴,ㄏㄜˊ,7BD5,False
篝,狗,ㄍㄡ,7BDD,False
篢,龍,ㄌㄨㄥˇ,7BE2,True
篤,兔,ㄉㄨˇ,7BE4,False
篩,鼠,ㄕ,7BE9,True
篫,豬,ㄓㄨˊ,7BEB,False
篭,龍,ㄌㄨㄥˊ,7BED,False
簂,狗,ㄍㄨㄛˊ,7C02,False
簄,虎,ㄏㄨˋ,7C04,False
簊,雞,ㄐㄧ,7C0A,False
簌,鼠,ㄙㄨˋ,7C0C,False
簍,雞,ㄐㄩˋ,7C0D,True
簛,鼠,ㄙ,7C1B,False
簠,虎,ㄈㄨˇ,7C20,False
簬,兔,ㄉㄨˋ,7C2C,True
簭,鼠,ㄕˋ,7C2D,False
簴,雞,ㄐㄩˋ,7C34,False
簵,兔,ㄉㄨˋ,7C35,True
簼,龍,ㄌㄨㄥˊ,7C3C,False
籍,雞,ㄐㄧˊ,7C4D,True
籔,鼠,ㄕㄨˋ,7C54,True
籠,龍,ㄌㄨㄥˇ,7C60,True
籧,雞,ㄐㄩˇ,7C67,True
籭,鼠,ㄙ,7C6D,False
籶,蛇,ㄕㄣ,7C76,False
籸,蛇,ㄕㄣ,7C78,False
籺,猴,ㄏㄜˊ,7C7A,True
粔,雞,ㄐㄩˋ,7C94,False
粛,鼠,ㄙㄨˋ,7C9B,False
粟,鼠,ㄙㄨˋ,7C9F,False
粢,雞,ㄐㄧˋ,7CA2,True
粥,豬,ㄓㄨˋ,7CA5,True
粰,虎,ㄈㄨ,7CB0,True
粷,雞,ㄐㄩˊ,7CB7,False
粿,狗,ㄍㄨㄛˇ,7CBF,False
糇,猴,ㄏㄡˊ,7CC7,False
糊,虎,ㄏㄨˋ,7CCA,True
糐,虎,ㄈㄨ,7CD0,False
糸,鼠,ㄙ,7CF8,True
糹,鼠,ㄙ,7CF9,False
纟,鼠,ㄙ,7E9F,False
系,雞,ㄐㄧˋ,7CFB,True
紀,雞,ㄐㄧˇ,7D00,True
紇,猴,ㄏㄜˊ,7D07,True
纥,猴,ㄏㄜˊ,7EA5,True
级,雞,ㄐㄧˊ,7EA7,False
纪,雞,ㄐㄧˇ,7EAA,True
紐,牛,ㄋㄧㄡˇ,7D10,False
紑,猴,ㄈㄡˊ,7D11,False
紒,雞,ㄐㄧˋ,7D12,True
紓,鼠,ㄕㄨ,7D13,False
紙,豬,ㄓˇ,7D19,False
級,雞,ㄐㄧˊ,7D1A,False
素,鼠,ㄙㄨˋ,7D20,False
紣,豬,ㄗㄨˊ,7D23,True
纸,豬,ㄓˇ,7EB8,False
纻,豬,ㄓㄨˋ,7EBB,False
纽,牛,ㄋㄧㄡˇ,7EBD,False
纾,鼠,ㄕㄨ,7EBE,False
紨,虎,ㄈㄨˋ,7D28,False
紩,豬,ㄓˋ,7D29,False
紱,虎,ㄈㄨˊ,7D31,False
紳,蛇,ㄕㄣ,7D33,False
紵,豬,ㄓㄨˋ,7D35,False
紸,豬,ㄓㄨˋ,7D38,False
紻,羊,ㄧㄤ,7D3B,False
紼,虎,ㄈㄨˊ,7D3C,True
絁,鼠,ㄕ,7D41,False
組,豬,ㄗㄨˇ,7D44,True
絇,雞,ㄐㄩˋ,7D47,True
絉,鼠,ㄕㄨˋ,7D49,False
绂,虎,ㄈㄨˊ,7EC2,False
组,豬,ㄗㄨˇ,7EC4,False
绅,蛇,ㄕㄣ,7EC5,False
织,豬,ㄓˋ,7EC7,True
绋,虎,ㄈㄨˊ,7ECB,False
結,雞,ㄐㄧˋ,7D50,True
絑,豬,ㄓㄨ,7D51,False
絗,虎,ㄏㄨˊ,7D57,False
絥,虎,ㄈㄨˊ,7D65,True
給,雞,ㄐㄧˇ,7D66,True
絨,龍,ㄖㄨㄥˊ,7D68,False
絲,鼠,ㄙ,7D72,False
絷,豬,ㄓˊ,7D77,False
绒,龍,ㄖㄨㄥˊ,7ED2,False
结,雞,ㄐㄧˋ,7ED3,True
给,雞,ㄐㄧˇ,7ED9,True
絼,豬,ㄓˋ,7D7C,True
綀,鼠,ㄕㄨ,7D80,False
綍,虎,ㄈㄨˊ,7D8D,False
綒,虎,ㄈㄨ,7D92,False
綔,虎,ㄏㄨˋ,7D94,False
綕,豬,ㄓ,7D95,False
継,雞,ㄐㄧˋ,7D99,False
继,雞,ㄐㄧˋ,7EE7,False
綝,蛇,ㄕㄣ,7D9D,True
綶,狗,ㄍㄨㄛˇ,7DB6,False
綹,牛,ㄌㄧㄡˇ,7DB9,False
緁,雞,ㄐㄧ,7DC1,True
绩,雞,ㄐㄧ,7EE9,False
绺,牛,ㄌㄧㄡˇ,7EFA,False
緝,雞,ㄐㄧˊ,7DDD,True
緦,鼠,ㄙ,7DE6,False
緮,虎,ㄈㄨˋ,7DEE,False
緱,狗,ㄍㄡ,7DF1,False
緺,狗,ㄍㄨㄛ,7DFA,True
緻,豬,ㄓˋ,7DFB,False
缉,雞,ㄐㄧ,7F09,True
缌,鼠,ㄙ,7F0C,False
缑,狗,ㄍㄡ,7F11,False
縙,龍,ㄖㄨㄥˊ,7E19,False
縛,虎,ㄈㄨˊ,7E1B,False
縟,龍,ㄖㄨㄥˇ,7E1F,True
縠,虎,ㄏㄨˊ,7E20,False
縤,鼠,ㄙㄨˋ,7E24,False
缚,虎,ㄈㄨˊ,7F1A,False
縮,鼠,ㄙㄨˋ,7E2E,True
縶,豬,ㄓˊ,7E36,False
績,雞,ㄐㄧ,7E3E,False
缩,鼠,ㄙㄨˋ,7F29,True
織,豬,ㄓˋ,7E54,True
繘,雞,ㄐㄩˊ,7E58,True
繫,雞,ㄐㄧˋ,7E6B,True
繬,蛇,ㄙㄜˋ,7E6C,False
繳,猴,ㄏㄜˊ,7E73,True
繹,鼠,ㄕˋ,7E79,True
繼,雞,ㄐㄧˋ,7E7C,False
纀,虎,ㄈㄨˊ,7E80,True
纚,鼠,ㄕˇ,7E9A,True
纛,兔,ㄉㄨˊ,7E9B,True
缶,猴,ㄈㄡˇ,7F36,True
缹,猴,ㄈㄡˇ,7F39,False
缻,猴,ㄈㄡˇ,7F3B,False
缿,猴,ㄏㄡˋ,7F3F,True
罘,虎,ㄈㄨ,7F58,True
罙,蛇,ㄕㄣ,7F59,True
罜,豬,ㄓㄨˇ,7F5C,False
罝,雞,ㄐㄩ,7F5D,True
罦,虎,ㄈㄨ,7F66,True
罧,蛇,ㄕㄣ,7F67,True
置,豬,ㄓˋ,7F6E,False
署,鼠,ㄕㄨˇ,7F72,False
罳,鼠,ㄙ,7F73,False
罵,馬,ㄇㄚˋ,7F75,False
罶,牛,ㄌㄧㄡˇ,7F76,False
罽,雞,ㄐㄧˋ,7F7D,False
羀,牛,ㄌㄧㄡˇ,7F80,False
羁,雞,ㄐㄧ,7F81,False
羇,雞,ㄐㄧ,7F87,False
羈,雞,ㄐㄧ,7F88,False
羊,羊,ㄧㄤˊ,7F8A,False
羏,羊,ㄧㄤˊ,7F8F,False
羕,羊,ㄧㄤˋ,7F95,False
羜,豬,ㄓㄨˋ,7F9C,False
羢,龍,ㄖㄨㄥˊ,7FA2,False
羽,虎,ㄏㄨˋ,7FBD,True
翇,虎,ㄈㄨˊ,7FC7,False
翏,牛,ㄌㄧㄡˊ,7FCF,True
翐,豬,ㄓˋ,7FD0,False
翛,鼠,ㄕㄨˋ,7FDB,True
翜,蛇,ㄙㄜˋ,7FDC,True
翥,豬,ㄓㄨˋ,7FE5,False
翨,鼠,ㄕˋ,7FE8,True
翭,猴,ㄏㄡˊ,7FED,False
翮,猴,ㄏㄜˊ,7FEE,True
翯,猴,ㄏㄜˊ,7FEF,True
者,豬,ㄓㄨ,8005,True
耆,豬,ㄓˇ,8006,True
耇,狗,ㄍㄡˇ,8007,False
耉,狗,ㄍㄡˇ,8009,False
耜,鼠,ㄙˋ,801C,False
耟,雞,ㄐㄩˋ,801F,False
耠,猴,ㄏㄨㄛ,8020,True
耤,雞,ㄐㄧˊ,8024,True
耩,狗,ㄍㄡ,8029,True
耭,雞,ㄐㄧ,802D,False
耯,猴,ㄏㄨㄛˋ,802F,False
聀,豬,ㄓˋ,8040,True
聊,牛,ㄌㄧㄡˊ,804A,True
聋,龍,ㄌㄨㄥˊ,804B,False
职,豬,ㄓˋ,804C,True
聒,狗,ㄍㄨㄛ,8052,True
聚,雞,ㄐㄩˋ,805A,False
聝,狗,ㄍㄨㄛˊ,805D,False
聶,蛇,ㄕㄜˋ,8076,True
職,豬,ㄓˋ,8077,True
聻,雞,ㄐㄧˊ,807B,True
聾,龍,ㄌㄨㄥˊ,807E,False
肂,鼠,ㄙˋ,8082,False
肃,鼠,ㄙㄨˋ,8083,False
肄,鼠,ㄙˋ,8084,True
肅,鼠,ㄙㄨˋ,8085,False
肆,鼠,ㄙˋ,8086,True
肌,雞,ㄐㄧˋ,808C,True
肚,兔,ㄉㄨˇ,809A,True
肜,龍,ㄖㄨㄥˊ,809C,True
肢,鼠,ㄕˋ,80A2,True
肤,虎,ㄈㄨ,80A4,False
肾,蛇,ㄕㄣˋ,80BE,False
胂,蛇,ㄕㄣˋ,80C2,True
胍,虎,ㄏㄨˋ,80CD,True
胑,豬,ㄓㄨ,80D1,True
胕,虎,ㄈㄨ,80D5,True
胝,豬,ㄓ,80DD,True
胡,虎,ㄏㄨˊ,80E1,False
胦,羊,ㄧㄤ,80E6,False
胧,龍,ㄌㄨㄥˊ,80E7,False
胵,豬,ㄓˋ,80F5,True
脂,豬,ㄓˇ,8102,True
脊,雞,ㄐㄧˇ,810A,True
脓,龍,ㄋㄨㄥˊ,8113,False
脔,雞,ㄐㄧ,8114,True
脤,蛇,ㄕㄣˋ,8124,False
脯,虎,ㄈㄨˇ,812F,True
腂,狗,ㄍㄨㄛˋ,8142,False
腄,猴,ㄏㄡˊ,8144,True
腎,蛇,ㄕㄣˋ,814E,False
腐,虎,ㄈㄨˇ,8150,False
腑,虎,ㄈㄨˇ,8151,False
腒,雞,ㄐㄩ,8152,False
腘,狗,ㄍㄨㄛˊ,8158,False
腞,兔,ㄊㄨˊ,815E,True
腟,豬,ㄓˋ,815F,False
腧,鼠,ㄕㄨˋ,8167,True
腯,兔,ㄊㄨˊ,816F,False
腹,虎,ㄈㄨˋ,8179,False
膆,鼠,ㄙㄨˋ,8186,False
膌,雞,ㄐㄧˊ,818C,False
膕,狗,ㄍㄨㄛˊ,8195,False
膚,虎,ㄈㄨ,819A,False
膢,牛,ㄌㄧㄡˊ,81A2,True
膣,豬,ㄓˋ,81A3,False
膱,豬,ㄓㄨ,81B1,True
膴,虎,ㄏㄨ,81B4,True
膿,龍,ㄋㄨㄥˊ,81BF,False
臒,猴,ㄏㄨㄛˋ,81D2,False
臛,猴,ㄏㄨㄛˋ,81DB,False
臮,雞,ㄐㄧˋ,81EE,False
至,豬,ㄓˋ,81F3,True
致,豬,ㄓˋ,81F4,True
臸,豬,ㄓˋ,81F8,False
舉,雞,ㄐㄩˇ,8209,False
舌,蛇,ㄕㄜˊ,820C,True
舍,鼠,ㄕˋ,820D,True
舐,鼠,ㄕˋ,8210,False
舒,鼠,ㄕㄨ,8212,True
舓,鼠,ㄕˋ,8213,False
舳,豬,ㄓㄨˊ,8233,True
艀,虎,ㄈㄨˊ,8240,False
艍,雞,ㄐㄩ,824D,False
艧,猴,ㄏㄨㄛˋ,8267,False
色,蛇,ㄙㄜˋ,8272,True
艴,虎,ㄈㄨˊ,8274,True
艻,雞,ㄐㄧˊ,827B,True
芋,虎,ㄏㄨ,828B,True
芏,兔,ㄉㄨˋ,828F,True
芐,虎,ㄏㄨˋ,8290,True
芖,豬,ㄓˋ,8296,False
芙,虎,ㄈㄨˊ,8299,False
芝,豬,ㄓ,829D,False
芣,猴,ㄈㄡˊ,82A3,True
芧,豬,ㄓㄨˋ,82A7,True
芨,雞,ㄐㄧ,82A8,True
芰,雞,ㄐㄧˋ,82B0,False
芴,虎,ㄏㄨ,82B4,True
芶,狗,ㄍㄡ,82B6,False
芷,豬,ㄓˇ,82B7,False
芾,虎,ㄈㄨˊ,82BE,True
苎,豬,ㄓㄨˋ,82CE,True
苏,鼠,ㄙㄨ,82CF,False
苛,猴,ㄏㄜˊ,82DB,True
苟,狗,ㄍㄡ,82DF,True
苡,鼠,ㄙˋ,82E1,True
苣,雞,ㄐㄩˋ,82E3,True
苧,豬,ㄓㄨˋ,82E7,True
英,羊,ㄧㄤ,82F1,True
苴,豬,ㄗㄨ,82F4,True
苸,虎,ㄏㄨ,82F8,False
苻,虎,ㄈㄨˊ,82FB,True
茀,虎,ㄈㄨˊ,8300,True
茁,豬,ㄓㄨˊ,8301,True
茍,雞,ㄐㄧˋ,830D,False
茏,龍,ㄌㄨㄥˊ,830F,False
茙,龍,ㄖㄨㄥˊ,8319,False
茤,雞,ㄐㄧˋ,8324,True
茩,猴,ㄏㄡˋ,8329,True
茯,虎,ㄈㄨˊ,832F,False
茱,豬,ㄓㄨ,8331,False
茸,龍,ㄖㄨㄥˇ,8338,True
茿,豬,ㄓㄨˊ,833F,False
荗,鼠,ㄕㄨˋ,8357,False
荠,雞,ㄐㄧˋ,8360,True
荣,龍,ㄖㄨㄥˊ,8363,False
茝,豬,ㄓˇ,831D,True
荰,兔,ㄉㄨˋ,8370,False
荴,虎,ㄈㄨ,8374,False
荷,猴,ㄏㄜ,8377,True
荼,鼠,ㄕㄨ,837C,True
莆,虎,ㄈㄨˇ,8386,True
莇,豬,ㄓㄨˋ,8387,False
莋,雞,ㄐㄧˊ,838B,True
莒,雞,ㄐㄩˇ,8392,False
莘,蛇,ㄕㄣ,8398,True
莥,牛,ㄋㄧㄡˇ,83A5,False
莩,虎,ㄈㄨˊ,83A9,True
莳,鼠,ㄕˋ,83B3,True
获,猴,ㄏㄨㄛˋ,83B7,False
菊,雞,ㄐㄩˊ,83CA,False
菏,猴,ㄏㄜˊ,83CF,True
菓,狗,ㄍㄨㄛˇ,83D3,False
菔,虎,ㄈㄨˊ,83D4,True
菟,兔,ㄊㄨˊ,83DF,True
菥,鼠,ㄙ,83E5,True
菹,雞,ㄐㄩˋ,83F9,True
菻,馬,ㄇㄚˊ,83FB,True
菽,鼠,ㄕㄨ,83FD,True
萀,虎,ㄏㄨˇ,8400,False
萁,雞,ㄐㄧ,8401,True
萂,猴,ㄏㄜˊ,8402,False
著,豬,ㄓㄨˋ,8457,True
萭,雞,ㄐㄩˇ,842D,True
萯,虎,ㄈㄨˋ,842F,False
萿,猴,ㄏㄨㄛˊ,843F,False
葅,豬,ㄗㄨ,8445,True
葉,蛇,ㄕㄜˋ,8449,True
葍,虎,ㄈㄨˊ,844D,False
葔,猴,ㄏㄡˊ,8454,False
葖,兔,ㄊㄨ,8456,True
葚,蛇,ㄕㄣˋ,845A,True
葠,蛇,ㄕㄣ,8460,False
葢,猴,ㄏㄜˊ,8462,True
葪,雞,ㄐㄧˋ,846A,True
葫,虎,ㄏㄨˊ,846B,False
葹,鼠,ㄕ,8479,False
蒁,鼠,ㄕㄨˋ,8481,False
蒌,牛,ㄌㄧㄡˇ,848C,True
蒒,鼠,ㄕ,8492,False
蒔,鼠,ㄕˋ,8494,True
蒚,猴,ㄏㄜˊ,849A,False
蒟,雞,ㄐㄩˇ,849F,False
蒤,兔,ㄊㄨˊ,84A4,False
蒥,牛,ㄌㄧㄡˊ,84A5,False
蒩,豬,ㄗㄨ,84A9,False
蒺,雞,ㄐㄧˊ,84BA,False
蓃,猴,ㄏㄨㄛˋ,84C3,False
蓅,牛,ㄌㄧㄡˊ,84C5,False
蓉,龍,ㄖㄨㄥˊ,84C9,False
蓋,猴,ㄏㄜˊ,84CB,True
蓍,鼠,ㄕ,84CD,False
蓟,雞,ㄐㄧˋ,84DF,False
蓡,蛇,ㄕㄣ,84E1,True
蓫,豬,ㄓㄨˊ,84EB,False
蓻,雞,ㄐㄧˊ,84FB,False
蓼,牛,ㄌㄧㄡˇ,84FC,True
蓿,鼠,ㄙㄨˋ,84FF,True
蔇,雞,ㄐㄧˋ,8507,True
蔌,鼠,ㄙㄨˋ,850C,False
蔎,蛇,ㄕㄜˋ,850E,False
蔘,蛇,ㄕㄣ,8518,True
蔛,虎,ㄏㄨˊ,851B,False
蔞,雞,ㄐㄩˋ,851E,True
蔬,鼠,ㄕㄨˇ,852C,True
蔰,虎,ㄏㄨˋ,8530,False
蔴,馬,ㄇㄚˊ,8534,False
蔷,蛇,ㄙㄜˋ,8537,True
蔽,虎,ㄈㄨˋ,853D,True
蕀,雞,ㄐㄧˊ,8540,False
蕏,豬,ㄓㄨ,854F,True
蕧,虎,ㄈㄨˋ,8567,False
蕬,鼠,ㄙ,856C,False
蕯,龍,ㄌㄨㄥˊ,856F,False
蕺,雞,ㄐㄧˊ,857A,True
蕼,鼠,ㄙˋ,857C,False
蕽,龍,ㄋㄨㄥˊ,857D,False
薊,雞,ㄐㄧˋ,858A,False
薓,蛇,ㄕㄣ,8593,False
薔,蛇,ㄙㄜˋ,8594,True
薥,鼠,ㄕㄨˇ,85A5,False
薯,鼠,ㄕㄨˇ,85AF,False
薺,雞,ㄐㄧˋ,85BA,True
藉,雞,ㄐㄧˊ,85C9,True
藗,鼠,ㄙㄨˋ,85D7,False
藢,豬,ㄓˇ,85E2,False
藪,鼠,ㄕㄨˊ,85EA,True
藰,牛,ㄌㄧㄡˊ,85F0,False
藷,鼠,ㄕㄨˇ,85F7,False
藿,猴,ㄏㄜˊ,85FF,True
蘄,雞,ㄐㄧ,8604,True
蘇,鼠,ㄙㄨˋ,8607,True
蘎,雞,ㄐㄧˋ,860E,False
蘓,鼠,ㄙㄨ,8613,False
蘢,龍,ㄌㄨㄥˋ,8622,True
蘜,雞,ㄐㄩˊ,861C,False
蘮,雞,ㄐㄧˋ,862E,False
蘵,豬,ㄓˊ,8635,False
蘻,雞,ㄐㄧˋ,863B,False
虀,雞,ㄐㄧ,8640,False
虍,虎,ㄏㄨ,864D,False
虎,虎,ㄏㄨˋ,864E,True
虖,虎,ㄏㄨˊ,8656,True
虙,虎,ㄈㄨˊ,8659,False
虝,虎,ㄏㄨˇ,865D,False
虡,雞,ㄐㄩˋ,8661,False
虢,狗,ㄍㄨㄛˊ,8662,False
虪,鼠,ㄕㄨ,866A,True
虮,雞,ㄐㄧˇ,866E,True
虱,鼠,ㄕ,8671,False
虵,蛇,ㄕㄜˊ,8675,True
蚀,鼠,ㄕˊ,8680,False
蚂,馬,ㄇㄚˋ,8682,True
蚥,虎,ㄈㄨˇ,86A5,False
蚨,虎,ㄈㄨˊ,86A8,False
蚰,豬,ㄓㄨˊ,86B0,True
蚴,牛,ㄋㄧㄡˋ,86B4,True
蚵,猴,ㄏㄜˊ,86B5,True
蚷,雞,ㄐㄩˋ,86B7,True
蚹,虎,ㄈㄨˋ,86B9,False
蚼,狗,ㄍㄡˇ,86BC,False
蛀,豬,ㄓㄨˋ,86C0,False
蛆,雞,ㄐㄩ,86C6,True
蛇,蛇,ㄕㄜˊ,86C7,True
蛗,虎,ㄈㄨˋ,86D7,False
蛘,羊,ㄧㄤˇ,86D8,True
蛛,豬,ㄓㄨ,86DB,False
蛞,蛇,ㄕㄜˊ,86DE,True
蛣,雞,ㄐㄧ,86E3,True
蛥,蛇,ㄕㄜˊ,86E5,False
蛭,豬,ㄓˋ,86ED,False
蛰,豬,ㄓˊ,86F0,True
蛳,鼠,ㄙ,86F3,False
蜀,鼠,ㄕㄨˇ,8700,False
蜃,蛇,ㄕㄣˋ,8703,False
蜅,虎,ㄈㄨˇ,8705,False
蜉,虎,ㄈㄨˊ,8709,False
蜍,鼠,ㄕㄨˊ,870D,True
蝆,羊,ㄧㄤˊ,8746,True
䗁,雞,ㄐㄧˋ,45C1,False
蜘,豬,ㄓ,8718,False
蜛,雞,ㄐㄩ,871B,False
蜡,雞,ㄐㄧˊ,8721,True
蜤,鼠,ㄙ,8724,False
蜮,狗,ㄍㄨㄛ,872E,True
蜶,鼠,ㄙㄨˋ,8736,False
蜾,狗,ㄍㄨㄛˇ,873E,True
蝈,狗,ㄍㄨㄛ,8748,False
䗐,鼠,ㄕ,45D0,False
蝍,雞,ㄐㄧˊ,874D,False
蝎,猴,ㄏㄜˊ,874E,True
蝕,龍,ㄌㄨㄥˊ,8755,True
蝜,虎,ㄈㄨˋ,875C,False
蝠,虎,ㄈㄨˊ,8760,False
蝨,鼠,ㄕ,8768,False
蝫,豬,ㄓㄨ,876B,False
蝮,虎,ㄈㄨˋ,876E,False
蝳,兔,ㄉㄨˊ,8773,True
蝴,虎,ㄏㄨˊ,8774,False
蝸,狗,ㄍㄨㄛˇ,8778,True
蝺,雞,ㄐㄩˇ,877A,False
蝾,龍,ㄖㄨㄥˊ,877E,False
螄,鼠,ㄙ,8784,False
融,龍,ㄖㄨㄥˊ,878D,False
螎,龍,ㄖㄨㄥˊ,878E,False
螏,雞,ㄐㄧˊ,878F,False
螙,兔,ㄉㄨˋ,8799,False
螛,猴,ㄏㄜˊ,879B,False
螜,虎,ㄏㄨˊ,879C,False
螞,馬,ㄇㄚ,879E,True
螫,鼠,ㄕˋ,87AB,True
螲,豬,ㄓˋ,87B2,True
蟄,豬,ㄓˊ,87C4,True
蟆,馬,ㄇㄚˊ,87C6,True
蟇,馬,ㄇㄚˊ,87C7,False
蟈,狗,ㄍㄨㄛ,87C8,True
蟉,牛,ㄌㄧㄡˊ,87C9,True
蟖,鼠,ㄙ,87D6,False
蟙,豬,ㄓˊ,87D9,False
蟣,雞,ㄐㄧˇ,87E3,True
蟴,鼠,ㄙ,87F4,False
蟻,雞,ㄐㄧˇ,87FB,True
蟿,雞,ㄐㄧˋ,87FF,True
蠂,蛇,ㄕㄜˋ,8802,False
蠃,狗,ㄍㄨㄛˇ,8803,True
蠋,豬,ㄓㄨˊ,880B,False
蠑,龍,ㄖㄨㄥˊ,8811,False
蠖,猴,ㄏㄨㄛˋ,8816,True
蠚,猴,ㄏㄜ,881A,True
蠧,兔,ㄉㄨˋ,8827,False
蠩,豬,ㄓㄨ,8829,False
蠪,龍,ㄌㄨㄥˊ,882A,False
蠬,龍,ㄌㄨㄥˊ,882C,False
蠹,兔,ㄉㄨˋ,8839,False
蠾,豬,ㄓㄨˊ,883E,False
衂,牛,ㄋㄧㄡˋ,8842,True
術,鼠,ㄕㄨˋ,8853,False
衖,龍,ㄌㄨㄥˋ,8856,False
衚,虎,ㄏㄨˊ,885A,False
衭,虎,ㄈㄨ,886D,False
衹,豬,ㄓˇ,8879,True
衼,豬,ㄓ,887C,False
袓,雞,ㄐㄩˇ,8893,False
袔,猴,ㄏㄜˋ,8894,False
袕,鼠,ㄕㄨˋ,8895,False
袚,虎,ㄈㄨˊ,889A,True
袝,虎,ㄈㄨˋ,889D,False
袟,豬,ㄓˋ,889F,False
袠,豬,ㄓˋ,88A0,False
袱,虎,ㄈㄨˊ,88B1,False
袾,豬,ㄓㄨ,88BE,False
裋,鼠,ㄕㄨˋ,88CB,False
裑,蛇,ㄕㄣ,88D1,False
裗,牛,ㄌㄧㄡˊ,88D7,False
裚,雞,ㄐㄧˋ,88DA,False
裹,狗,ㄍㄨㄛˇ,88F9,False
裻,兔,ㄉㄨ,88FB,True
製,豬,ㄓˋ,88FD,False
裾,雞,ㄐㄩˋ,88FE,True
褀,雞,ㄐㄧˋ,8900,False
褁,豬,ㄓˊ,8901,False
裦,猴,ㄈㄡˊ,88E6,False
複,虎,ㄈㄨˋ,8907,False
褐,猴,ㄏㄜˋ,8910,True
褔,虎,ㄈㄨˋ,8914,False
褚,豬,ㄓㄨˇ,891A,True
褠,狗,ㄍㄡ,8920,False
褣,龍,ㄖㄨㄥˊ,8923,False
褷,鼠,ㄕ,8937,False
襀,雞,ㄐㄧ,8940,False
襂,蛇,ㄕㄣ,8942,True
襆,虎,ㄈㄨˊ,8946,True
襋,雞,ㄐㄧˊ,894B,False
襛,龍,ㄋㄨㄥˊ,895B,False
襡,兔,ㄉㄨˊ,8961,True
襧,豬,ㄓˇ,8967,False
襨,兔,ㄉㄨˋ,8968,False
襩,鼠,ㄕㄨˇ,8969,False
襫,鼠,ㄕˋ,896B,False
襱,龍,ㄌㄨㄥˇ,8971,True
襳,蛇,ㄕㄣ,8973,True
襹,鼠,ㄕ,8979,False
覆,虎,ㄈㄨˋ,8986,False
覈,猴,ㄏㄜˊ,8988,False
覉,雞,ㄐㄧ,8989,False
覊,雞,ㄐㄧ,898A,False
覗,鼠,ㄙˋ,8997,True
覘,雞,ㄐㄧ,8998,True
觊,雞,ㄐㄧˋ,89CA,False
覟,豬,ㄓˋ,899F,False
覩,兔,ㄉㄨˇ,89A9,False
覬,雞,ㄐㄧˋ,89AC,False
覯,狗,ㄍㄡˋ,89AF,False
觏,狗,ㄍㄡˋ,89CF,False
覾,蛇,ㄕㄣˇ,89BE,False
覿,雞,ㄐㄧˊ,89BF,True
觗,豬,ㄓˋ,89D7,False
觙,雞,ㄐㄧˊ,89D9,True
觫,鼠,ㄙㄨˋ,89EB,False
觭,雞,ㄐㄧ,89ED,True
觯,豬,ㄓ,89EF,True
觳,虎,ㄏㄨˊ,89F3,True
觶,豬,ㄓ,89F6,True
訃,虎,ㄈㄨˋ,8A03,False
計,雞,ㄐㄧˋ,8A08,False
计,雞,ㄐㄧˋ,8BA1,False
讣,虎,ㄈㄨˋ,8BA3,False
讥,雞,ㄐㄧ,8BA5,False
訐,雞,ㄐㄧˋ,8A10,True
記,雞,ㄐㄧˋ,8A18,False
记,雞,ㄐㄧˋ,8BB0,False
訟,龍,ㄖㄨㄥˊ,8A1F,True
訠,蛇,ㄕㄣˇ,8A20,False
訦,蛇,ㄕㄣˊ,8A26,True
訨,豬,ㄓˇ,8A28,False
設,蛇,ㄕㄜˋ,8A2D,False
許,虎,ㄏㄨˇ,8A31,True
讵,雞,ㄐㄩˋ,8BB5,False
许,虎,ㄏㄨˇ,8BB8,True
讼,龍,ㄖㄨㄥˊ,8BBC,True
设,蛇,ㄕㄜˋ,8BBE,False
訴,鼠,ㄙㄨˋ,8A34,False
訶,猴,ㄏㄜ,8A36,False
訷,蛇,ㄕㄣ,8A37,False
訸,猴,ㄏㄜˊ,8A38,False
註,豬,ㄓㄨˋ,8A3B,False
訽,狗,ㄍㄡˋ,8A3D,False
詂,虎,ㄈㄨˋ,8A42,False
詇,羊,ㄧㄤˋ,8A47,False
詎,雞,ㄐㄩˋ,8A4E,False
詛,豬,ㄗㄨˇ,8A5B,False
詝,豬,ㄓㄨˇ,8A5D,False
诃,猴,ㄏㄜ,8BC3,False
诅,豬,ㄗㄨˇ,8BC5,False
识,豬,ㄓˋ,8BC6,True
诉,鼠,ㄙㄨˋ,8BC9,False
詥,猴,ㄏㄜˊ,8A65,False
試,鼠,ㄕˋ,8A66,False
詩,鼠,ㄕ,8A69,False
詫,兔,ㄉㄨˋ,8A6B,True
詬,猴,ㄏㄡˋ,8A6C,True
詳,羊,ㄧㄤˊ,8A73,True
詵,蛇,ㄕㄣ,8A75,False
誅,豬,ㄓㄨ,8A85,False
试,鼠,ㄕˋ,8BD5,False
诗,鼠,ㄕ,8BD7,False
诛,豬,ㄓㄨ,8BDB,False
诜,蛇,ㄕㄣ,8BDC,False
诟,狗,ㄍㄡˋ,8BDF,False
详,羊,ㄧㄤˊ,8BE6,True
誋,雞,ㄐㄧˋ,8A8B,False
誌,豬,ㄓˋ,8A8C,False
誎,鼠,ㄙㄨˋ,8A8E,False
誓,鼠,ㄕˋ,8A93,False
読,兔,ㄉㄨˊ,8AAD,False
諅,雞,ㄐㄧ,8AC5,False
諆,雞,ㄐㄧ,8AC6,True
諊,雞,ㄐㄩˊ,8ACA,False
諔,豬,ㄓㄨˋ,8AD4,False
諗,蛇,ㄕㄣˇ,8AD7,True
诸,豬,ㄓㄨ,8BF8,False
读,兔,ㄉㄨˊ,8BFB,True
谂,蛇,ㄕㄣˇ,8C02,False
谉,蛇,ㄕㄣˇ,8C09,False
諟,鼠,ㄕˋ,8ADF,False
諡,鼠,ㄕˋ,8AE1,False
諨,虎,ㄈㄨˊ,8AE8,False
諶,蛇,ㄕㄣˊ,8AF6,True
諸,豬,ㄓㄨ,8AF8,True
諹,羊,ㄧㄤˊ,8AF9,False
謋,猴,ㄏㄨㄛˋ,8B0B,False
謖,鼠,ㄙㄨˋ,8B16,False
謚,鼠,ㄕˋ,8B1A,True
谡,鼠,ㄙㄨˋ,8C21,False
谥,鼠,ㄕˋ,8C25,False
謯,豬,ㄗㄨˇ,8B2F,True
謼,虎,ㄏㄨ,8B3C,True
譅,蛇,ㄙㄜˋ,8B45,False
譇,蛇,ㄕㄜ,8B47,False
譏,雞,ㄐㄧ,8B4F,False
識,豬,ㄓˋ,8B58,True
譤,雞,ㄐㄧ,8B64,False
譨,龍,ㄋㄨㄥˊ,8B68,True
護,虎,ㄏㄨˋ,8B77,False
讀,兔,ㄉㄨˊ,8B80,True
讅,蛇,ㄕㄣˇ,8B85,False
讋,蛇,ㄕㄜˋ,8B8B,True
讗,猴,ㄏㄨㄛˋ,8B97,False
讟,兔,ㄉㄨˊ,8B9F,False
豁,猴,ㄏㄨㄛˋ,8C41,True
豄,兔,ㄉㄨˊ,8C44,False
豅,龍,ㄌㄨㄥˊ,8C45,False
豉,鼠,ㄕˋ,8C49,True
豎,鼠,ㄕㄨˋ,8C4E,False
豑,豬,ㄓˋ,8C51,False
豒,豬,ㄓˋ,8C52,False
豕,鼠,ㄕˇ,8C55,False
豞,猴,ㄏㄡˋ,8C5E,False
豧,虎,ㄈㄨ,8C67,False
豬,豬,ㄓㄨ,8C6C,False
豰,狗,ㄍㄡˋ,8C70,True
豸,豬,ㄓˋ,8C78,False
豿,狗,ㄍㄡˇ,8C7F,False
貄,鼠,ㄙˋ,8C84,False
貈,馬,ㄇㄚˋ,8C88,True
貉,馬,ㄇㄚˋ,8C89,True
貗,雞,ㄐㄩˋ,8C97,False
負,虎,ㄈㄨˋ,8CA0,False
负,虎,ㄈㄨˋ,8D1F,False
貨,猴,ㄏㄨㄛˋ,8CA8,False
貭,豬,ㄓˊ,8CAD,False
货,猴,ㄏㄨㄛˋ,8D27,False
质,豬,ㄓˋ,8D28,True
购,狗,ㄍㄡˋ,8D2D,False
贮,豬,ㄓㄨˋ,8D2E,True
貯,豬,ㄓㄨˋ,8CAF,True
貰,鼠,ㄕˋ,8CB0,False
賀,猴,ㄏㄜˋ,8CC0,False
贳,鼠,ㄕˋ,8D33,False
贺,猴,ㄏㄜˋ,8D3A,False
贽,豬,ㄓˋ,8D3D,False
賒,蛇,ㄕㄜ,8CD2,True
賖,蛇,ㄕㄜ,8CD6,False
赊,蛇,ㄕㄜ,8D4A,True
賜,鼠,ㄙˋ,8CDC,True
賦,虎,ㄈㄨˋ,8CE6,False
質,豬,ㄓˊ,8CEA,True
賫,雞,ㄐㄧ,8CEB,True
赋,虎,ㄈㄨˋ,8D4B,False
赌,兔,ㄉㄨˇ,8D4C,False
赍,雞,ㄐㄧ,8D4D,True
赎,鼠,ㄕㄨˊ,8D4E,False
赐,鼠,ㄙˋ,8D50,True
賭,兔,ㄉㄨˇ,8CED,False
賷,雞,ㄐㄧ,8CF7,True
賻,虎,ㄈㄨˋ,8CFB,False
購,狗,ㄍㄡˋ,8CFC,False
赙,虎,ㄈㄨˋ,8D59,False
贄,豬,ㄓˊ,8D04,True
贕,兔,ㄉㄨˊ,8D15,False
贖,鼠,ㄕㄨˋ,8D16,True
贚,龍,ㄌㄨㄥˋ,8D1A,False
赦,蛇,ㄕㄜˋ,8D66,True
赫,鼠,ㄕˋ,8D6B,True
赴,虎,ㄈㄨˋ,8D74,False
趄,雞,ㄐㄩ,8D84,True
趇,蛇,ㄙㄜˋ,8D87,False
趉,豬,ㄓㄨˊ,8D89,False
越,猴,ㄏㄨㄛˊ,8D8A,True
趚,鼠,ㄙㄨˋ,8D9A,False
趜,雞,ㄐㄩˊ,8D9C,False
趲,豬,ㄗㄨ,8DB2,True
足,雞,ㄐㄩˋ,8DB3,True
趵,豬,ㄓ,8DB5,True
趺,虎,ㄈㄨ,8DBA,False
趾,豬,ㄓˇ,8DBE,False
跌,兔,ㄊㄨˊ,8DCC,True
跓,豬,ㄓㄨˋ,8DD3,False
跔,雞,ㄐㄩ,8DD4,False
跖,豬,ㄓ,8DD6,True
跗,虎,ㄈㄨ,8DD7,False
跙,雞,ㄐㄩˇ,8DD9,False
距,雞,ㄐㄩˋ,8DDD,False
𧿳,虎,ㄈㄨˊ,27FF3,False
跡,雞,ㄐㄧˋ,8DE1,True
跦,豬,ㄓㄨ,8DE6,False
跩,鼠,ㄕˋ,8DE9,True
跱,鼠,ㄕˋ,8DF1,True
跻,雞,ㄐㄧ,8DFB,False
跼,雞,ㄐㄩˊ,8DFC,False
跽,雞,ㄐㄧˋ,8DFD,False
跾,鼠,ㄕㄨˊ,8DFE,False
跿,兔,ㄊㄨˊ,8DFF,False
踈,鼠,ㄕㄨ,8E08,False
踑,雞,ㄐㄧ,8E11,True
踖,雞,ㄐㄧˊ,8E16,False
踘,雞,ㄐㄩ,8E18,True
踙,雞,ㄐㄩ,8E19,False
踞,雞,ㄐㄩˋ,8E1E,False
踤,豬,ㄗㄨˊ,8E24,True
踦,雞,ㄐㄧ,8E26,True
踬,豬,ㄓˋ,8E2C,False
踯,豬,ㄓˊ,8E2F,False
踶,豬,ㄓˋ,8E36,True
踽,雞,ㄐㄩˇ,8E3D,False
踾,虎,ㄈㄨˊ,8E3E,False
踿,豬,ㄗㄨˊ,8E3F,False
蹐,雞,ㄐㄧˊ,8E50,False
蹓,牛,ㄌㄧㄡˋ,8E53,True
蹛,豬,ㄓˋ,8E5B,True
蹜,鼠,ㄙㄨˋ,8E5C,True
蹟,雞,ㄐㄧˋ,8E5F,True
蹠,豬,ㄓˊ,8E60,False
蹢,豬,ㄓˊ,8E62,True
蹫,雞,ㄐㄩˊ,8E6B,False
蹴,豬,ㄗㄨˊ,8E74,True
蹵,豬,ㄗㄨˊ,8E75,True
躅,豬,ㄓㄨˊ,8E85,True
躆,雞,ㄐㄩˋ,8E86,False
躋,雞,ㄐㄧ,8E8B,False
躑,豬,ㄓˊ,8E91,False
躓,豬,ㄓ,8E93,True
躘,龍,ㄌㄨㄥˊ,8E98,False
躤,雞,ㄐㄧˊ,8EA4,True
身,蛇,ㄕㄣ,8EAB,True
躸,雞,ㄐㄧ,8EB8,False
躹,雞,ㄐㄩˊ,8EB9,False
軄,豬,ㄓˊ,8EC4,False
車,雞,ㄐㄩ,8ECA,True
车,雞,ㄐㄩ,8F66,True
軗,鼠,ㄕㄨ,8ED7,False
軤,虎,ㄏㄨ,8EE4,False
軥,雞,ㄐㄩ,8EE5,True
軮,羊,ㄧㄤˇ,8EEE,True
軴,豬,ㄓㄨˋ,8EF4,False
軵,虎,ㄈㄨˇ,8EF5,True
軸,豬,ㄓㄨˊ,8EF8,True
軹,豬,ㄓˇ,8EF9,False
轴,豬,ㄓㄨˊ,8F74,True
轵,豬,ㄓˇ,8F75,False
轷,虎,ㄏㄨ,8F77,False
軾,鼠,ㄕˋ,8EFE,False
輂,雞,ㄐㄩˊ,8F02,False
輅,猴,ㄏㄜˊ,8F05,True
輊,豬,ㄓˋ,8F0A,False
輋,蛇,ㄕㄜ,8F0B,False
轼,鼠,ㄕˋ,8F7C,False
轾,豬,ㄓˋ,8F7E,False
輔,虎,ㄈㄨˇ,8F14,False
辅,虎,ㄈㄨˇ,8F85,False
輠,狗,ㄍㄨㄛ,8F20,True
輯,雞,ㄐㄧˊ,8F2F,False
輰,羊,ㄧㄤˊ,8F30,False
輸,鼠,ㄕㄨˋ,8F38,True
輹,虎,ㄈㄨˋ,8F39,False
輻,虎,ㄈㄨˊ,8F3B,False
辐,虎,ㄈㄨˊ,8F90,False
辑,雞,ㄐㄧˊ,8F91,False
输,鼠,ㄕㄨ,8F93,False
轄,猴,ㄏㄜˊ,8F44,True
轖,蛇,ㄙㄜˋ,8F56,False
轚,雞,ㄐㄧˊ,8F5A,False
農,龍,ㄋㄨㄥˊ,8FB2,False
辳,龍,ㄋㄨㄥˊ,8FB3,False
辻,鼠,ㄕˊ,8FBB,False
过,狗,ㄍㄨㄛ,8FC7,True
迌,兔,ㄊㄨˋ,8FCC,False
近,雞,ㄐㄧˋ,8FD1,True
迟,豬,ㄓˊ,8FDF,True
𨑨,豬,ㄓˋ,28468,False
迣,豬,ㄓˋ,8FE3,True
述,鼠,ㄕㄨˋ,8FF0,False
迹,雞,ㄐㄧˋ,8FF9,True
适,鼠,ㄕˋ,9002,True
逅,狗,ㄍㄡˋ,9005,True
透,鼠,ㄕㄨ,900F,True
逐,豬,ㄓㄨˊ,9010,True
途,兔,ㄊㄨˊ,9014,False
逗,豬,ㄓㄨˋ,9017,True
逝,鼠,ㄕˋ,901D,False
速,鼠,ㄙㄨˋ,901F,False
遈,鼠,ㄕˊ,9048,False
過,猴,ㄏㄨㄛˋ,904E,True
遘,狗,ㄍㄡˋ,9058,False
遛,牛,ㄌㄧㄡˋ,905B,True
遟,豬,ㄓˋ,905F,True
遡,鼠,ㄙㄨˋ,9061,False
適,鼠,ㄕˋ,9069,True
遬,鼠,ㄙㄨˋ,906C,False
遰,鼠,ㄕˋ,9070,True
遲,豬,ㄓˊ,9072,True
遽,雞,ㄐㄩˋ,907D,True
遾,鼠,ㄕˋ,907E,False
邔,雞,ㄐㄧˋ,9094,True
邞,虎,ㄈㄨ,909E,False
邥,蛇,ㄕㄣˇ,90A5,False
邩,猴,ㄏㄨㄛˇ,90A9,False
邪,蛇,ㄕㄜˊ,90AA,True
邭,雞,ㄐㄩˋ,90AD,False
邾,豬,ㄓㄨ,90BE,False
邿,鼠,ㄕ,90BF,False
郃,猴,ㄏㄜˊ,90C3,True
郅,雞,ㄐㄧˊ,90C5,True
郆,雞,ㄐㄧˊ,90C6,False
郈,猴,ㄏㄡˋ,90C8,False
郙,虎,ㄈㄨˇ,90D9,False
郛,虎,ㄈㄨˊ,90DB,False
郝,鼠,ㄕˋ,90DD,True
郦,豬,ㄓˊ,90E6,True
郭,狗,ㄍㄨㄛˊ,90ED,True
郹,雞,ㄐㄩˊ,90F9,False
都,兔,ㄉㄨ,90FD,True
鄃,鼠,ㄕㄨ,9103,True
鄇,猴,ㄏㄡˋ,9107,False
鄒,雞,ㄐㄩˋ,9112,True
鄓,雞,ㄐㄩˊ,9113,False
鄜,虎,ㄈㄨ,911C,False
鄠,虎,ㄏㄨˋ,9120,False
鄹,雞,ㄐㄩˋ,9139,True
酈,豬,ㄓˊ,9148,True
酏,虎,ㄏㄨˋ,914F,True
酥,鼠,ㄙㄨ,9165,False
酯,豬,ㄓˇ,916F,False
酴,兔,ㄊㄨˊ,9174,False
酾,鼠,ㄕ,917E,True
醏,兔,ㄉㄨ,918F,False
醐,虎,ㄏㄨˊ,9190,False
醲,龍,ㄋㄨㄥˊ,91B2,False
醳,鼠,ㄕˋ,91B3,True
醵,雞,ㄐㄩˋ,91B5,False
釃,鼠,ㄕ,91C3,True
釈,鼠,ㄕˋ,91C8,False
释,鼠,ㄕˋ,91CA,True
釋,鼠,ㄕˋ,91CB,True
釛,猴,ㄏㄜˊ,91DB,False
釜,虎,ㄈㄨˇ,91DC,False
釞,豬,ㄓˊ,91DE,False
釡,虎,ㄈㄨˇ,91E1,False
釲,鼠,ㄙˋ,91F2,False
釶,蛇,ㄕㄜˊ,91F6,True
釷,兔,ㄊㄨˇ,91F7,False
钍,兔,ㄊㄨˇ,948D,False
钑,雞,ㄐㄧˊ,9491,True
鈇,虎,ㄈㄨˇ,9207,True
鈎,狗,ㄍㄡ,920E,False
鈒,雞,ㄐㄧˊ,9212,True
鈕,牛,ㄋㄧㄡˇ,9215,True
鈘,雞,ㄐㄧˇ,9218,False
鈛,狗,ㄍㄨㄛ,921B,False
鈟,鼠,ㄕ,921F,False
鈥,猴,ㄏㄨㄛˊ,9225,True
钜,雞,ㄐㄩˋ,949C,False
钩,狗,ㄍㄡ,94A9,False
钬,猴,ㄏㄨㄛˇ,94AC,True
钮,牛,ㄋㄧㄡˇ,94AE,False
鈯,兔,ㄊㄨˊ,922F,False
鈰,鼠,ㄕˋ,9230,False
鈷,虎,ㄏㄨˊ,9237,True
鈻,鼠,ㄙˋ,923B,False
鉀,猴,ㄏㄜˊ,9240,True
鉂,鼠,ㄕˇ,9242,False
鉃,鼠,ㄕˋ,9243,False
鉅,雞,ㄐㄩˋ,9245,False
鉇,蛇,ㄕㄜˊ,9247,True
鉈,蛇,ㄕㄜˊ,9248,True
鉌,猴,ㄏㄜˊ,924C,False
鉍,蛇,ㄙㄜˋ,924D,True
鉏,雞,ㄐㄩˇ,924F,True
鉐,鼠,ㄕˊ,9250,False
鉒,豬,ㄓㄨˋ,9252,False
鉘,虎,ㄈㄨˊ,9258,False
鉚,牛,ㄌㄧㄡˇ,925A,True
鉜,虎,ㄈㄨˊ,925C,False
鉠,羊,ㄧㄤ,9260,False
鉤,狗,ㄍㄡˋ,9264,True
鉥,鼠,ㄕㄨˋ,9265,False
鉮,蛇,ㄕㄣˊ,926E,True
鉰,鼠,ㄙ,9270,False
钾,猴,ㄏㄜˊ,94BE,True
铆,牛,ㄌㄧㄡˇ,94C6,True
铈,鼠,ㄕˋ,94C8,False
铊,鼠,ㄕ,94CA,True
鉽,鼠,ㄕˋ,927D,False
銈,雞,ㄐㄧ,9288,False
銍,豬,ㄓˋ,928D,False
銖,豬,ㄓㄨ,9296,False
銗,猴,ㄏㄡˋ,9297,True
銡,雞,ㄐㄧˊ,92A1,False
銫,蛇,ㄙㄜˋ,92AB,False
铚,豬,ㄓˋ,94DA,False
铢,豬,ㄓㄨ,94E2,False
铯,蛇,ㄙㄜˋ,94EF,False
銴,鼠,ㄕˋ,92B4,False
鋉,鼠,ㄙㄨˋ,92C9,False
鋕,豬,ㄓˋ,92D5,False
鋖,鼠,ㄙ,92D6,False
鋠,蛇,ㄕㄣˋ,92E0,False
鋤,雞,ㄐㄩˇ,92E4,True
鋦,雞,ㄐㄩˊ,92E6,True
鋳,豬,ㄓㄨˋ,92F3,False
鋵,兔,ㄊㄨ,92F5,False
鋶,牛,ㄌㄧㄡˇ,92F6,False
铸,豬,ㄓㄨˋ,94F8,False
锅,狗,ㄍㄨㄛ,9505,False
锍,牛,ㄌㄧㄡˇ,950D,False
锔,雞,ㄐㄩ,9514,True
鋸,雞,ㄐㄩ,92F8,True
錁,狗,ㄍㄨㄛˇ,9301,True
錇,虎,ㄈㄨˊ,9307,True
錖,兔,ㄉㄨˇ,9316,False
錤,雞,ㄐㄧ,9324,True
錰,鼠,ㄕㄨˋ,9330,False
鍃,猴,ㄏㄨㄛˋ,9343,True
锧,豬,ㄓˋ,9527,False
锪,猴,ㄏㄨㄛˋ,952A,True
锯,雞,ㄐㄩ,952F,True
鍉,鼠,ㄕˊ,9349,True
鍋,狗,ㄍㄨㄛˇ,934B,True
鍍,兔,ㄉㄨˋ,934D,False
鍎,兔,ㄊㄨˊ,934E,False
鍑,虎,ㄈㄨˋ,9351,False
鍓,雞,ㄐㄧˊ,9353,False
鍚,羊,ㄧㄤˊ,935A,False
鍢,虎,ㄈㄨˋ,9362,False
鍦,鼠,ㄕ,9366,True
鍭,猴,ㄏㄡˊ,936D,False
鍶,鼠,ㄙ,9376,True
鍸,虎,ㄏㄨˊ,9378,False
鍺,兔,ㄉㄨˇ,937A,True
锶,鼠,ㄙ,9536,True
镀,兔,ㄉㄨˋ,9540,False
鎏,牛,ㄌㄧㄡˊ,938F,False
鎐,豬,ㄗㄨˊ,9390,True
鎔,龍,ㄖㄨㄥˊ,9394,False
鎦,牛,ㄌㄧㄡˋ,93A6,True
鎷,馬,ㄇㄚˇ,93B7,False
镏,牛,ㄌㄧㄡˋ,954F,True
镕,龍,ㄖㄨㄥˊ,9555,False
鎩,蛇,ㄙㄜˋ,93A9,True
鏃,豬,ㄗㄨˊ,93C3,True
鏐,牛,ㄌㄧㄡˊ,93D0,False
鏣,鼠,ㄕㄨˋ,93E3,False
鏧,龍,ㄌㄨㄥˊ,93E7,False
镞,豬,ㄗㄨˊ,955E,False
镠,牛,ㄌㄧㄡˊ,9560,False
鏶,雞,ㄐㄧˊ,93F6,False
鐁,鼠,ㄙ,9401,False
鐂,牛,ㄌㄧㄡˊ,9402,True
鐊,羊,ㄧㄤˊ,940A,False
鐖,雞,ㄐㄧ,9416,False
鐲,鼠,ㄕㄨˇ,9432,True
鐹,狗,ㄍㄨㄛˇ,9439,False
鐻,雞,ㄐㄩˋ,943B,True
镬,猴,ㄏㄨㄛˋ,956C,False
鑄,豬,ㄓㄨˋ,9444,False
鑇,雞,ㄐㄧ,9447,False
鑊,猴,ㄏㄨㄛˋ,944A,False
鑕,豬,ㄓˋ,9455,False
鑙,雞,ㄐㄧ,9459,False
鑟,兔,ㄉㄨˊ,945F,False
鑨,龍,ㄌㄨㄥˊ,9468,False
鑿,豬,ㄗㄨˊ,947F,True
钃,豬,ㄓㄨˊ,9483,True
閁,馬,ㄇㄚˋ,9581,False
閄,猴,ㄏㄨㄛˋ,9584,False
閡,猴,ㄏㄜˊ,95A1,True
閤,猴,ㄏㄜˊ,95A4,True
閪,蛇,ㄙㄜ,95AA,False
阂,猴,ㄏㄜˊ,9602,True
閬,兔,ㄉㄨ,95AC,True
閰,雞,ㄐㄩˊ,95B0,False
阇,蛇,ㄕㄜˊ,9607,True
闍,蛇,ㄕㄜˊ,95CD,True
闔,猴,ㄏㄜˊ,95D4,True
阖,猴,ㄏㄜˊ,9616,True
阜,虎,ㄈㄨˋ,961C,False
阝,虎,ㄈㄨˋ,961D,True
阤,豬,ㄓˋ,9624,True
阦,羊,ㄧㄤˊ,9626,False
阯,豬,ㄓˇ,962F,False
阳,羊,ㄧㄤˊ,9633,False
阻,豬,ㄓㄨˋ,963B,True
附,虎,ㄈㄨ,9644,True
际,雞,ㄐㄧˋ,9645,False
陆,牛,ㄌㄧㄡˋ,9646,True
陇,龍,ㄌㄨㄥˇ,9647,False
陎,鼠,ㄕㄨ,964E,False
陟,豬,ㄓˋ,965F,True
除,鼠,ㄕㄨ,9664,True
陚,虎,ㄈㄨˋ,965A,False
陱,雞,ㄐㄩ,9671,False
陸,牛,ㄌㄧㄡˋ,9678,True
陼,兔,ㄉㄨˇ,967C,True
陽,羊,ㄧㄤˊ,967D,False
隆,龍,ㄌㄨㄥ,9686,True
隔,雞,ㄐㄧ,9694,True
際,雞,ㄐㄧˋ,969B,False
隮,雞,ㄐㄧ,96AE,False
隴,龍,ㄌㄨㄥˇ,96B4,False
隺,猴,ㄏㄜˋ,96BA,False
隻,豬,ㄓ,96BB,False
集,雞,ㄐㄧˊ,96C6,False
雉,鼠,ㄙˋ,96C9,True
雊,狗,ㄍㄡˋ,96CA,False
雎,雞,ㄐㄩ,96CE,False
雐,虎,ㄏㄨ,96D0,False
雘,猴,ㄏㄨㄛˋ,96D8,False
雛,雞,ㄐㄩˋ,96DB,True
雞,雞,ㄐㄧ,96DE,False
雡,牛,ㄌㄧㄡˋ,96E1,False
雦,雞,ㄐㄧˊ,96E6,False
雧,雞,ㄐㄧˊ,96E7,False
雬,猴,ㄈㄡˇ,96EC,False
雭,蛇,ㄙㄜˋ,96ED,False
霁,雞,ㄐㄧˋ,9701,False
震,蛇,ㄕㄣ,9707,True
霍,猴,ㄏㄜˋ,970D,True
霔,豬,ㄓㄨˋ,9714,False
霤,牛,ㄌㄧㄡˋ,9724,False
霩,猴,ㄏㄨㄛˋ,9729,True
霳,龍,ㄌㄨㄥˊ,9733,False
霵,雞,ㄐㄧˊ,9735,False
霷,羊,ㄧㄤˊ,9737,False
霽,雞,ㄐㄧˋ,973D,False
靃,猴,ㄏㄨㄛˋ,9743,True
靇,龍,ㄌㄨㄥˊ,9747,False
靎,猴,ㄏㄜˋ,974E,False
靏,猴,ㄏㄜˋ,974F,False
靡,馬,ㄇㄚˊ,9761,True
䩉,虎,ㄈㄨˇ,4A49,False
革,雞,ㄐㄧˇ,9769,True
靯,兔,ㄉㄨˋ,976F,False
靵,牛,ㄋㄧㄡˇ,9775,False
靻,豬,ㄗㄨˇ,977B,False
鞅,羊,ㄧㄤ,9785,True
鞊,雞,ㄐㄧˊ,978A,False
鞠,雞,ㄐㄩˊ,97A0,True
鞨,猴,ㄏㄜˊ,97A8,True
鞫,雞,ㄐㄩ,97AB,True
鞲,狗,ㄍㄡ,97B2,False
鞴,虎,ㄈㄨˊ,97B4,True
鞿,雞,ㄐㄧ,97BF,False
韄,虎,ㄏㄨˋ,97C4,True
韇,兔,ㄉㄨˊ,97C7,False
韍,虎,ㄈㄨˊ,97CD,False
韨,虎,ㄈㄨˊ,97E8,False
韘,蛇,ㄕㄜˋ,97D8,False
韝,狗,ㄍㄡ,97DD,False
韣,兔,ㄉㄨˊ,97E3,False
韥,兔,ㄉㄨˊ,97E5,False
韲,雞,ㄐㄧ,97F2,False
頀,猴,ㄏㄨㄛˋ,9800,True
頌,龍,ㄖㄨㄥˊ,980C,True
頓,兔,ㄉㄨˊ,9813,True
顿,兔,ㄉㄨˊ,987F,True
颂,龍,ㄖㄨㄥˊ,9882,True
頜,猴,ㄏㄜˊ,981C,True
頣,蛇,ㄕㄣˇ,9823,False
頫,虎,ㄈㄨˇ,982B,True
颌,猴,ㄏㄜˊ,988C,True
頥,蛇,ㄕㄣˇ,9825,False
頶,虎,ㄏㄨˊ,9836,False
飏,羊,ㄧㄤˊ,98CF,False
颫,虎,ㄈㄨˊ,98AB,False
颶,雞,ㄐㄩˋ,98B6,False
飓,雞,ㄐㄩˋ,98D3,False
颸,鼠,ㄙ,98B8,False
颺,羊,ㄧㄤˊ,98BA,False
飔,鼠,ㄙ,98D4,False
飀,牛,ㄌㄧㄡˊ,98C0,False
飗,牛,ㄌㄧㄡˊ,98D7,False
飂,牛,ㄌㄧㄡˋ,98C2,True
飅,牛,ㄌㄧㄡˊ,98C5,False
飋,蛇,ㄙㄜˋ,98CB,False
食,鼠,ㄙˋ,98DF,True
飠,鼠,ㄕˊ,98E0,False
饣,鼠,ㄕˊ,9963,False
飢,雞,ㄐㄧ,98E2,False
飤,鼠,ㄙˋ,98E4,False
饥,雞,ㄐㄧ,9965,False
飬,羊,ㄧㄤˇ,98EC,True
飭,鼠,ㄕˋ,98ED,True
飳,豬,ㄓㄨˋ,98F3,False
飴,鼠,ㄙˋ,98F4,True
飹,牛,ㄌㄧㄡˇ,98F9,False
飼,鼠,ㄙˋ,98FC,False
飾,鼠,ㄕˋ,98FE,True
饰,鼠,ㄕˋ,9970,False
饲,鼠,ㄙˋ,9972,False
饴,鼠,ㄙˋ,9974,True
餄,猴,ㄏㄜˊ,9904,True
養,羊,ㄧㄤˋ,990A,True
餋,羊,ㄧㄤˇ,990B,False
饸,猴,ㄏㄜˊ,9978,True
餗,鼠,ㄙㄨˋ,9917,False
餙,鼠,ㄕˋ,9919,False
餝,鼠,ㄕˋ,991D,False
餜,狗,ㄍㄨㄛˇ,991C,False
馃,狗,ㄍㄨㄛˇ,9983,False
餬,虎,ㄏㄨˊ,992C,False
餱,猴,ㄏㄡˊ,9931,False
餲,猴,ㄏㄜˊ,9932,True
餾,牛,ㄌㄧㄡˊ,993E,True
馏,牛,ㄌㄧㄡˊ,998F,True
饑,雞,ㄐㄧ,9951,True
馘,狗,ㄍㄨㄛˊ,9998,True
馟,兔,ㄊㄨˊ,999F,False
馥,虎,ㄈㄨˋ,99A5,True
馬,馬,ㄇㄚˇ,99AC,False
马,馬,ㄇㄚˇ,9A6C,False
馵,豬,ㄓㄨˋ,99B5,False
馶,豬,ㄓ,99B6,False
馽,豬,ㄓˊ,99BD,False
駏,雞,ㄐㄩˋ,99CF,False
駐,豬,ㄓㄨˋ,99D0,False
駒,雞,ㄐㄩˋ,99D2,True
駔,豬,ㄗㄨˋ,99D4,True
駙,虎,ㄈㄨˋ,99D9,False
駚,羊,ㄧㄤˇ,99DA,False
駛,鼠,ㄕˇ,99DB,False
駟,鼠,ㄙˋ,99DF,False
駠,牛,ㄌㄧㄡˊ,99E0,False
驵,豬,ㄗㄨˋ,9A75,True
驶,鼠,ㄕˇ,9A76,False
驷,鼠,ㄙˋ,9A77,False
驸,虎,ㄈㄨˋ,9A78,False
驹,雞,ㄐㄩ,9A79,False
驻,豬,ㄓㄨˋ,9A7B,False
駡,馬,ㄇㄚˋ,99E1,False
駤,豬,ㄓˋ,99E4,False
駥,龍,ㄖㄨㄥˊ,99E5,True
駪,蛇,ㄕㄣ,99EA,False
駯,豬,ㄓㄨ,99EF,False
骂,馬,ㄇㄚˋ,9A82,False
駵,牛,ㄌㄧㄡˊ,99F5,False
駶,雞,ㄐㄩˊ,99F6,False
駼,兔,ㄊㄨˊ,99FC,False
騇,蛇,ㄕㄜˋ,9A07,True
騎,雞,ㄐㄧˋ,9A0E,True
骑,雞,ㄐㄧˋ,9A91,True
骕,鼠,ㄙㄨˋ,9A95,False
騞,猴,ㄏㄨㄛ,9A1E,True
騦,鼠,ㄙ,9A26,False
骘,豬,ㄓˋ,9A98,False
騭,豬,ㄓˋ,9A2D,False
騮,牛,ㄌㄧㄡˊ,9A2E,False
騳,兔,ㄉㄨˊ,9A33,False
騶,豬,ㄓㄨ,9A36,True
骝,牛,ㄌㄧㄡˊ,9A9D,False
騺,豬,ㄓˋ,9A3A,False
驀,馬,ㄇㄚˋ,9A40,True
驇,豬,ㄓˋ,9A47,False
驌,鼠,ㄙㄨˋ,9A4C,False
驑,牛,ㄌㄧㄡˊ,9A51,False
驕,雞,ㄐㄩ,9A55,True
骥,雞,ㄐㄧˋ,9AA5,False
驥,雞,ㄐㄧˋ,9A65,False
驧,雞,ㄐㄩˊ,9A67,False
骺,猴,ㄏㄡˊ,9ABA,True
髑,兔,ㄉㄨˊ,9AD1,False
髴,虎,ㄈㄨˊ,9AF4,True
髶,龍,ㄖㄨㄥˊ,9AF6,False
髻,雞,ㄐㄧˋ,9AFB,True
鬍,虎,ㄏㄨˊ,9B0D,False
鬞,龍,ㄋㄨㄥˊ,9B1E,False
鬩,猴,ㄏㄜˋ,9B29,True
鬴,虎,ㄈㄨˇ,9B34,False
鬸,牛,ㄌㄧㄡˋ,9B38,False
鬻,雞,ㄐㄩ,9B3B,True
鬾,雞,ㄐㄧˋ,9B3E,False
魕,雞,ㄐㄧˇ,9B55,False
魝,雞,ㄐㄧˋ,9B5D,False
魢,雞,ㄐㄧˇ,9B62,False
鱾,雞,ㄐㄧˇ,9C7E,False
魫,蛇,ㄕㄣˇ,9B6B,False
魱,虎,ㄏㄨˊ,9B71,False
魺,猴,ㄏㄜˊ,9B7A,False
鮄,虎,ㄈㄨˊ,9B84,False
鮆,雞,ㄐㄧˋ,9B86,False
鮈,雞,ㄐㄩ,9B88,False
鮒,虎,ㄈㄨˋ,9B92,False
鮔,雞,ㄐㄩˋ,9B94,False
鲄,猴,ㄏㄜˊ,9C84,False
鲋,虎,ㄈㄨˋ,9C8B,False
鲎,猴,ㄏㄡˋ,9C8E,False
鲏,雞,ㄐㄩˋ,9C8F,True
鮛,鼠,ㄕㄨ,9B9B,True
鮜,猴,ㄏㄡˋ,9B9C,False
鮢,豬,ㄓㄨ,9BA2,False
鮨,豬,ㄓ,9BA8,True
鲘,猴,ㄏㄡˋ,9C98,False
鲚,雞,ㄐㄧˋ,9C9A,False
鯆,虎,ㄈㄨˇ,9BC6,True
鯽,雞,ㄐㄧˋ,9BFD,True
鲥,鼠,ㄕˊ,9CA5,False
鲫,雞,ㄐㄧˋ,9CAB,False
鯚,雞,ㄐㄧˋ,9BDA,False
鯯,豬,ㄓˋ,9BEF,False
鯴,鼠,ㄕ,9BF4,False
鯵,蛇,ㄕㄣ,9BF5,False
鲹,蛇,ㄕㄣ,9CB9,False
鲺,鼠,ㄕ,9CBA,False
鯷,鼠,ㄕˋ,9BF7,True
鯸,猴,ㄏㄡˊ,9BF8,False
鯺,豬,ㄓㄨ,9BFA,False
鰑,羊,ㄧㄤˊ,9C11,False
鰒,虎,ㄈㄨˋ,9C12,False
鰗,虎,ㄏㄨˊ,9C17,False
鳀,鼠,ㄕˋ,9CC0,True
鳆,虎,ㄈㄨˋ,9CC6,False
鰡,牛,ㄌㄧㄡˊ,9C21,False
鰢,馬,ㄇㄚˇ,9C22,False
鰣,鼠,ㄕˊ,9C23,False
鰤,鼠,ㄕ,9C24,False
鰫,龍,ㄖㄨㄥˊ,9C2B,True
鰶,雞,ㄐㄧˋ,9C36,False
鰺,蛇,ㄕㄣ,9C3A,True
鰿,雞,ㄐㄧˊ,9C3F,True
鱀,雞,ㄐㄧˋ,9C40,False
鱁,豬,ㄓㄨˊ,9C41,False
鱐,鼠,ㄙㄨˋ,9C50,False
鱟,猴,ㄏㄡˋ,9C5F,False
鳠,虎,ㄏㄨˋ,9CE0,True
鱭,雞,ㄐㄧˋ,9C6D,False
鱯,虎,ㄏㄨˋ,9C6F,True
鳧,虎,ㄈㄨˊ,9CE7,False
鳩,豬,ㄓˋ,9CE9,True
鳬,虎,ㄈㄨˊ,9CEC,False
鳮,雞,ㄐㄧ,9CEE,False
鸡,雞,ㄐㄧ,9E21,False
鳲,鼠,ㄕ,9CF2,False
鸤,鼠,ㄕ,9E24,False
鳷,豬,ㄓ,9CF7,False
鳸,虎,ㄏㄨˋ,9CF8,False
鳺,虎,ㄈㄨ,9CFA,False
鳾,鼠,ㄕ,9CFE,False
鴀,猴,ㄈㄡˊ,9D00,True
鴔,虎,ㄈㄨˊ,9D14,False
鴙,豬,ㄓˋ,9D19,False
鴝,狗,ㄍㄡˋ,9D1D,True
鴟,豬,ㄓ,9D1F,True
鴡,雞,ㄐㄩ,9D21,False
鴦,羊,ㄧㄤ,9D26,False
鴧,龍,ㄖㄨㄥˋ,9D27,False
鴩,虎,ㄏㄨˊ,9D29,True
鸯,羊,ㄧㄤ,9E2F,False
鸱,豬,ㄓ,9E31,False
鸶,鼠,ㄙ,9E36,False
鴲,豬,ㄓ,9D32,False
鴶,雞,ㄐㄧˊ,9D36,False
鴸,豬,ㄓㄨ,9D38,False
鵄,豬,ㄓ,9D44,True
鸷,豬,ㄓˋ,9E37,False
鵋,雞,ㄐㄧˋ,9D4B,False
鵌,兔,ㄊㄨˊ,9D4C,True
鵙,雞,ㄐㄩˊ,9D59,False
鵚,兔,ㄊㄨˊ,9D5A,False
鵠,猴,ㄏㄜˋ,9D60,True
鵢,蛇,ㄕㄣ,9D62,False
鹄,虎,ㄏㄨˊ,9E44,True
鵨,鼠,ㄕㄨ,9D68,False
鵩,虎,ㄈㄨˊ,9D69,False
鵴,雞,ㄐㄩˊ,9D74,False
鵵,兔,ㄊㄨˋ,9D75,False
鶋,雞,ㄐㄩ,9D8B,False
鶌,雞,ㄐㄩ,9D8C,True
鶏,雞,ㄐㄧ,9D8F,False
鹔,鼠,ㄙㄨˋ,9E54,False
鶐,鼠,ㄕㄨˋ,9D90,False
鶘,虎,ㄏㄨˊ,9D98,False
鶝,虎,ㄈㄨˊ,9D9D,False
鶟,兔,ㄊㄨˊ,9D9F,False
鶡,猴,ㄏㄜˊ,9DA1,True
鶦,虎,ㄏㄨˊ,9DA6,False
鶪,雞,ㄐㄩˊ,9DAA,False
鹕,虎,ㄏㄨˊ,9E55,False
鹖,猴,ㄏㄜˊ,9E56,True
鶳,鼠,ㄕ,9DB3,False
鶴,猴,ㄏㄜˋ,9DB4,False
鶹,牛,ㄌㄧㄡˊ,9DB9,False
鶺,雞,ㄐㄧˊ,9DBA,False
鶻,虎,ㄏㄨˊ,9DBB,True
鷄,雞,ㄐㄧ,9DC4,False
鷇,狗,ㄍㄡˋ,9DC7,True
鷌,馬,ㄇㄚˇ,9DCC,False
鹘,虎,ㄏㄨˊ,9E58,True
鹠,牛,ㄌㄧㄡˊ,9E60,False
鹡,雞,ㄐㄧˊ,9E61,False
鹤,猴,ㄏㄜˋ,9E64,False
鷋,兔,ㄊㄨˊ,9DCB,False
鷙,豬,ㄓˋ,9DD9,True
鷚,牛,ㄌㄧㄡˋ,9DDA,True
鷛,龍,ㄖㄨㄥˊ,9DDB,True
鷥,鼠,ㄙ,9DE5,False
鷫,鼠,ㄙㄨˋ,9DEB,False
鷵,兔,ㄊㄨˊ,9DF5,False
鷸,鼠,ㄕㄨˋ,9DF8,True
鸀,豬,ㄓㄨˊ,9E00,True
鸄,雞,ㄐㄧˊ,9E04,False
鸉,羊,ㄧㄤˊ,9E09,False
鸌,虎,ㄏㄨˋ,9E0C,True
鹱,虎,ㄏㄨˋ,9E71,True
鸖,猴,ㄏㄜˋ,9E16,False
鸗,龍,ㄌㄨㄥˊ,9E17,False
麂,雞,ㄐㄧˇ,9E82,False
麆,豬,ㄓㄨˋ,9E86,True
麈,豬,ㄓㄨˇ,9E88,False
麍,牛,ㄌㄧㄡˊ,9E8D,False
麝,蛇,ㄕㄜˋ,9E9D,False
麡,雞,ㄐㄧ,9EA1,False
麧,猴,ㄏㄜˊ,9EA7,True
麩,虎,ㄈㄨ,9EA9,False
麸,虎,ㄈㄨ,9EB8,False
麬,虎,ㄈㄨ,9EAC,False
麱,虎,ㄈㄨ,9EB1,False
麻,馬,ㄇㄚ,9EBB,True
黍,鼠,ㄕㄨˇ,9ECD,False
黑,猴,ㄏㄜˋ,9ED1,True
𪐞,兔,ㄉㄨˋ,2A41E,False
黩,兔,ㄉㄨˊ,9EE9,False
黮,蛇,ㄕㄣˋ,9EEE,True
黷,兔,ㄉㄨˊ,9EF7,False
黹,豬,ㄓˇ,9EF9,True
黻,虎,ㄈㄨˋ,9EFB,True
黼,虎,ㄈㄨˇ,9EFC,False
鼄,豬,ㄓㄨ,9F04,False
鼅,豬,ㄓ,9F05,False
鼠,鼠,ㄕㄨˇ,9F20,False
鼡,鼠,ㄕㄨˇ,9F21,False
鼫,鼠,ㄕˊ,9F2B,False
鼭,鼠,ㄕˊ,9F2D,False
鼳,雞,ㄐㄩˊ,9F33,False
鼵,兔,ㄊㄨ,9F35,True
鼶,鼠,ㄙ,9F36,True
齁,猴,ㄏㄡˊ,9F41,True
齈,龍,ㄋㄨㄥˊ,9F48,False
齊,雞,ㄐㄧˋ,9F4A,True
齐,雞,ㄐㄧˋ,9F50,True
齌,雞,ㄐㄧˋ,9F4C,True
齎,雞,ㄐㄧ,9F4E,True
齏,雞,ㄐㄧ,9F4F,False
齑,雞,ㄐㄧ,9F51,False
齕,猴,ㄏㄜˊ,9F55,False
龁,猴,ㄏㄜˊ,9F81,False
齛,鼠,ㄕˋ,9F5B,False
齟,雞,ㄐㄩˇ,9F5F,True
龃,雞,ㄐㄩˇ,9F83,False
龍,龍,ㄌㄨㄥˇ,9F8D,True
龙,龍,ㄌㄨㄥˇ,9F99,True
龒,龍,ㄌㄨㄥˊ,9F92,False
龓,龍,ㄌㄨㄥˊ,9F93,False
龢,猴,ㄏㄨㄛˋ,9FA2,True
